Latitude_Degrees,Longitude_Degrees,Depth_m,Date_Year,ClimSST,SSTA_DHW
-23.4439,151.9286,,1998,297.23,31.79
-18.7502,147.2688,,1998,301.47,4.43
-17.8847,146.5938,,1998,301.55,4.7
-17.2661,146.3636,,1998,301.62,2.49
-16.7601,147.7259,,1998,301.32,0.0
-20.4182,149.0172,,2002,299.48,6.64
-20.3937,149.0258,,2002,299.6,7.72
-20.3508,150.0691,,2002,299.78,5.31
-20.3503,150.0971,,2002,299.78,5.31
-20.3446,148.9627,,2002,299.47,2.7
-20.3391,148.9346,,2002,299.47,5.26
-20.2613,148.8146,,2002,299.74,10.08
-20.2484,148.8318,,2002,299.76,2.85
-20.2179,148.8087,,2002,299.77,9.29
-20.193,150.082,,2002,299.76,3.14
-20.1911,148.9802,,2002,262.15,12.2
-20.1572,148.9317,,2002,262.15,14.12
-20.1559,149.0719,,2002,299.9,4.91
-20.1505,148.6077,,2002,299.8,12.18
-18.6587,146.4852,,1998,301.94,6.15
-18.6587,146.4852,,1998,296.7,6.8
-19.15,146.85,,1998,262.15,8.86
-20.1167,148.6583,,2002,299.83,11.59
-20.1088,148.6531,,2002,299.83,11.59
-20.1069,148.7145,,2002,299.84,9.9
-20.1007,148.3156,,2002,299.72,2.05
-20.1003,148.6073,,2002,299.84,12.54
-20.0895,148.879,,2002,299.96,8.96
-20.083,148.525,,2002,299.9,12.99
-20.0801,148.2979,,2002,299.72,2.05
-20.0769,148.4869,,2002,299.94,8.44
-20.0667,148.5371,,2002,299.92,14.14
-20.0643,148.266,,2002,299.73,2.2
-20.064,148.8912,,2002,298.71,47.17
-20.0529,148.466,,2002,299.96,1.47
-20.0389,148.2792,,2002,299.72,7.87
-20.0261,148.6288,,2002,299.9,10.72
-20.0188,148.6241,,2002,299.9,10.72
-20.0,148.275,,2002,299.8,8.59
-19.975,148.2667,,2002,299.89,12.24
-19.967,148.2667,,2002,299.89,12.24
-19.8833,147.9667,,2002,299.88,10.05
-19.8536,147.8958,,2002,299.91,7.52
-24.8362,152.4829,,1998,298.52,13.38
-24.0,151.6,,2002,298.25,15.49
-23.534,151.2757,,2002,298.41,11.11
-23.4162,151.1682,,2002,298.41,12.21
-23.4001,151.1541,,2002,298.45,11.13
-23.349,150.9377,,2002,298.36,8.6
-23.303,150.9222,,2002,298.37,7.6
-23.2107,150.9686,,2002,298.4,15.19
-23.1984,150.9725,,2002,298.38,13.16
-23.1977,151.1019,,2002,298.54,13.44
-23.1888,150.9658,,2002,298.38,13.16
-23.1886,150.9347,,2002,298.39,9.58
-23.1725,150.9861,,2002,298.46,12.79
-23.1678,150.9158,,2002,298.39,9.58
-23.1634,151.08,,2002,298.54,13.44
-23.1627,151.0707,,2002,298.54,13.44
-23.1575,150.9577,,2002,298.48,11.59
-23.1536,151.0852,,2002,298.54,11.4
-23.1511,150.9756,,2002,298.48,11.59
-23.1496,150.9054,,2002,298.44,13.22
-23.1175,150.9916,,2002,298.55,14.45
-23.0982,150.8972,,2002,298.48,9.32
-23.0954,150.8848,,2002,298.48,9.32
-23.0947,150.8987,,2002,298.48,9.32
-23.0824,150.8929,,2002,298.48,9.32
-23.0667,150.955,,2002,298.53,12.02
-23.046,150.8795,,2002,298.48,10.59
-23.0362,150.877,,2002,298.51,10.55
-22.0146,152.4498,,2002,299.35,7.6
-20.9338,149.4483,,2002,299.49,6.17
-20.9299,149.432,,2002,299.43,6.87
-20.9295,149.4705,,2002,299.49,6.17
-20.9215,149.413,,2002,299.43,6.87
-20.8635,149.5962,,2002,299.77,7.05
-20.8572,150.3798,,2002,299.76,4.61
-20.8143,149.2671,,2002,299.36,10.78
-20.7502,149.159,,2002,299.43,10.66
-20.7366,149.149,,2002,299.42,12.33
-20.6741,149.1389,,2002,299.41,8.68
-20.655,149.1542,,2002,299.53,9.2
-20.5855,149.1143,,2002,299.52,10.81
-20.5362,149.1159,,2002,299.53,7.97
-20.5318,149.0884,,2002,299.48,11.69
-20.4679,149.0387,,2002,299.47,11.67
-20.4207,149.0065,,2002,299.48,6.64
-20.1305,148.608,,2002,299.8,11.12
-19.7269,147.7591,,2002,262.15,8.48
-19.7102,147.7504,,2002,262.15,8.48
-19.7096,147.7503,,2002,262.15,8.48
-19.7,147.817,,2002,300.09,10.24
-19.3839,148.0879,,2002,300.07,1.22
-19.3225,148.4338,,2002,300.04,3.3
-19.298,148.0791,,2002,300.04,8.79
-19.2817,148.3483,,2002,300.02,1.17
-19.2152,148.9025,,2002,300.02,5.39
-19.1735,146.8149,,2002,300.2,3.92
-19.1447,148.3127,,2002,299.97,1.12
-19.1014,148.2864,,2002,300.03,4.56
-19.0507,148.3101,,2002,300.05,4.1
-19.0214,148.325,,2002,300.1,2.41
-19.0211,148.112,,2002,300.11,5.64
-18.9513,148.0814,,2002,300.14,4.5
-18.9023,147.9579,,2002,300.15,2.8
-18.1487,146.2905,,2002,300.35,1.49
-17.6114,146.4528,,2002,300.24,5.26
-17.3542,146.5346,,2002,300.31,1.05
-17.3098,146.5442,,2002,300.32,1.41
-17.1952,146.3679,,2002,300.34,1.27
-17.0136,146.2169,,2002,300.35,0.0
-16.9315,145.9855,,2002,300.2,0.0
-16.9214,146.0032,,2002,300.2,0.0
-16.8982,145.9565,,2002,300.25,0.0
-16.803,146.1847,,2002,300.34,1.04
-16.7675,145.9923,,2002,300.19,2.29
-15.9057,145.6581,,2002,300.26,5.4
-15.7781,145.5814,,2002,300.27,10.53
-15.6085,145.6271,,2002,300.19,1.05
-15.5584,145.6513,,2002,300.29,0.0
-15.5047,145.3282,,2002,300.17,1.25
-15.4852,145.6554,,2002,300.32,1.32
-14.8505,145.2729,,2002,300.11,1.15
-14.8162,145.1816,,2002,300.16,0.0
-14.7983,145.1359,,2002,300.12,0.0
-14.7362,145.0826,,2002,300.17,2.62
-14.732,145.1012,,2002,300.17,2.62
-14.7315,145.1865,,2002,299.95,0.0
-14.7202,145.1618,,2002,299.95,0.0
-14.7185,144.9527,,2002,299.83,4.76
-14.7119,144.9937,,2002,300.12,3.42
-14.7013,145.2039,,2002,300.03,1.06
-14.6845,144.9526,,2002,300.12,4.92
-14.4143,144.9504,,2002,300.35,2.68
-14.1946,144.2552,,2002,300.52,5.76
-14.1737,144.2789,,2002,300.32,2.98
-14.1484,144.4852,,2002,300.45,1.1
-14.1273,143.999,,2002,300.93,7.19
-14.078,143.9112,,2002,300.85,4.53
-14.0645,143.8554,,2002,300.93,5.59
-13.9438,143.7544,,2002,301.1,2.91
-13.6662,143.6905,,2002,300.92,4.17
-23.6966,152.1829,,1998,297.53,11.14
-17.0748,146.1848,,1998,298.77,6.96
-20.0784,148.4859,,1998,298.25,4.71
-18.1502,146.2894,,1998,298.53,7.95
-17.7247,146.3947,,1998,298.81,8.17
-17.2957,146.3646,,1998,298.88,4.19
-16.769,145.9912,,1998,298.75,6.88
-16.3029,145.4979,,1998,298.73,9.93
-15.6924,145.4977,,1998,298.66,3.8
-23.1741,150.9851,,1998,296.51,14.14
-23.1693,150.9147,,1998,296.32,13.12
-23.1642,151.0697,,1998,296.67,12.9
-23.1591,150.9566,,1998,296.53,13.3
-23.155,151.0833,,1998,296.72,15.54
-23.1527,150.9745,,1998,296.53,13.3
-23.1512,150.9044,,1998,296.43,13.38
-23.1,150.9,,1998,296.51,13.12
-23.0969,150.8838,,1998,296.51,13.23
-23.084,150.8919,,1998,296.51,13.23
-23.0476,150.8784,,1998,296.56,9.39
-23.0378,150.876,,1998,296.56,9.39
-22.3083,150.2383,,1998,297.08,9.46
-22.2329,150.315,,1998,297.12,11.75
-22.1833,150.3583,,1998,297.31,11.12
-22.0833,150.6667,,1998,297.61,14.54
-22.0333,150.3,,1998,297.5,12.01
-22.0306,150.6485,,1998,297.71,13.57
-22.0167,150.3667,,1998,297.59,14.24
-22.0056,150.3759,,1998,297.59,14.24
-21.9917,150.1667,,1998,297.3,10.7
-21.9817,150.1908,,1998,297.3,10.7
-21.9518,150.1308,,1998,297.25,17.46
-21.9278,150.1022,,1998,297.19,12.89
-21.9167,150.225,,1998,297.5,11.79
-21.7341,150.3154,,1998,297.92,8.88
-21.6617,150.3167,,1998,298.06,12.63
-21.65,150.2167,,1998,297.98,10.73
-21.525,150.15,,1998,298.02,12.55
-21.5,149.9083,,1998,297.54,7.45
-21.4917,149.8833,,1998,297.54,10.78
-21.4833,149.2583,,1998,262.15,7.72
-21.4833,149.9117,,1998,297.61,8.28
-21.4667,149.8833,,1998,297.54,10.78
-21.4583,149.8667,,1998,297.54,10.78
-21.45,149.7083,,1998,297.39,12.58
-21.4417,149.8333,,1998,297.57,10.05
-18.0833,146.5667,,1998,298.85,7.16
-24.0071,151.7345,,1998,296.53,11.55
-24.005,151.72,,1998,296.44,11.7
-24.0017,151.775,,1998,296.54,11.59
-23.9833,151.7667,,1998,296.6,13.48
-23.9828,151.6564,,1998,296.47,13.33
-23.97,151.63,,1998,296.44,10.84
-23.9617,151.4833,,1998,296.12,9.99
-23.9401,151.4678,,1998,296.1,12.2
-23.8,151.3667,,1998,296.39,17.04
-23.7497,151.3068,,1998,296.41,14.71
-23.5635,151.683,,1998,296.97,15.22
-23.5367,151.7366,,1998,297.02,12.14
-23.5356,151.2746,,1998,296.52,9.9
-23.5039,151.773,,1998,297.1,14.03
-23.4917,151.2333,,1998,296.51,10.68
-23.4393,152.0276,,1998,297.63,10.35
-23.4167,151.1667,,1998,296.49,13.96
-23.4083,151.1833,,1998,296.52,16.09
-23.4,151.15,,1998,296.52,16.09
-23.2122,150.9675,,1998,296.33,16.4
-23.2004,151.1004,,1998,296.67,12.9
-23.2,150.9715,,1998,296.38,13.22
-23.1903,150.9648,,1998,296.38,13.22
-21.4333,149.8167,,1998,297.57,10.05
-21.3667,149.825,,1998,297.75,10.39
-21.3333,149.6917,,1998,297.54,7.43
-20.7583,149.275,,1998,297.79,9.05
-20.6167,149.0667,,1998,297.64,8.96
-20.2,148.65,,1998,298.07,6.52
-20.2,149.1133,,1998,298.71,39.89
-20.152,148.6066,,1998,298.06,6.77
-20.1321,148.607,,1998,298.06,6.77
-20.1103,148.652,,1998,298.14,8.94
-20.1,148.6083,,1998,298.15,8.78
-20.0745,148.9274,,1998,298.46,3.57
-20.0682,148.5361,,1998,298.24,2.83
-20.0656,148.9488,,1998,298.84,37.08
-20.0655,148.8902,,1998,298.85,37.27
-20.0404,148.2782,,1998,298.0,9.12
-20.0236,148.2733,,1998,298.1,8.68
-20.0203,148.6231,,1998,298.26,4.71
-20.0132,148.268,,1998,298.1,8.68
-19.9956,148.557,,1998,298.28,8.49
-19.9833,148.2833,,1998,298.18,8.36
-19.9833,148.3583,,1998,298.3,10.23
-19.875,147.9333,,1998,298.0,9.68
-19.8551,147.8947,,1998,298.07,8.29
-19.7285,147.7581,,1998,262.15,7.74
-19.725,147.8333,,1998,298.28,5.86
-19.7141,149.37,,1998,298.48,2.27
-19.7083,147.75,,1998,262.15,7.74
-19.2583,147.0667,,1998,298.08,9.2
-19.2167,146.8,,1998,298.06,12.48
-19.2123,146.7953,,1998,298.06,12.48
-19.2,148.8167,,1998,298.92,2.91
-19.1996,146.8145,,1998,298.15,9.56
-19.1917,146.842,,1998,298.06,13.57
-19.1809,147.0645,,1998,298.2,7.56
-19.18,147.0167,,1998,298.17,8.03
-19.1667,146.85,,1998,298.06,13.57
-19.158,146.867,,1998,298.14,9.66
-19.1167,146.758,,1998,298.2,7.09
-19.0996,146.5601,,1998,298.18,6.75
-19.0333,146.6167,,1998,298.26,6.69
-19.03,146.57,,1998,298.26,7.35
-19.03,146.608,,1998,298.26,7.35
-19.0298,146.6286,,1998,298.26,6.69
-18.975,146.617,,1998,298.33,9.61
-18.9654,146.6298,,1998,298.33,9.61
-18.8445,146.5365,,1998,298.41,9.66
-18.831,146.5244,,1998,298.38,7.83
-18.814,146.4321,,1998,298.37,9.31
-18.7789,146.5343,,1998,298.54,8.69
-18.7757,146.5197,,1998,298.5,10.91
-18.775,146.666,,1998,299.18,44.38
-18.7703,146.549,,1998,298.54,8.69
-18.7667,146.5333,,1998,298.54,8.69
-18.7417,146.6917,,1998,298.61,11.16
-18.7406,146.6362,,1998,298.59,8.48
-18.6966,146.5976,,1998,299.23,39.87
-18.6838,146.5824,,1998,299.23,39.87
-18.6665,146.5621,,1998,298.57,6.0
-18.6408,146.505,,1998,298.51,9.82
-18.6355,146.4939,,1998,298.51,9.82
-18.6036,146.4864,,1998,298.51,10.77
-18.5948,146.4973,,1998,298.51,10.77
-18.56,146.4865,,1998,298.56,7.8
-18.0953,146.796,,1998,298.89,3.54
-18.0837,146.4472,,1998,298.59,4.68
-18.0529,146.5574,,1998,298.76,8.84
-18.05,146.208,,1998,298.46,7.49
-18.0414,146.199,,1998,298.46,7.49
-18.004,146.175,,1998,298.49,5.24
-17.9655,146.1379,,1998,298.45,5.06
-17.9559,146.1521,,1998,298.51,3.14
-17.8872,146.5876,,1998,298.91,6.15
-17.7747,146.1221,,1998,298.52,13.17
-17.7015,146.5441,,1998,298.99,7.56
-17.676,146.175,,1998,298.51,11.86
-17.675,146.167,,1998,298.51,11.86
-17.5303,146.3776,,1998,298.9,4.41
-17.4,146.4,,1998,298.98,9.83
-17.2255,146.0909,,1998,298.65,6.31
-17.2198,146.0778,,1998,298.65,6.31
-17.212,146.076,,1998,298.65,6.31
-17.1967,146.3669,,1998,299.0,2.81
-17.1517,146.0101,,1998,298.56,12.29
-16.9229,146.0021,,1998,298.61,1.08
-16.7307,145.685,,1998,298.59,8.05
-16.5588,145.5503,,1998,298.68,7.84
-16.5475,145.4975,,1998,298.71,4.09
-16.5306,145.5406,,1998,298.67,3.59
-16.3876,145.5644,,1998,298.67,4.18
-16.2467,145.485,,1998,298.66,11.57
-16.0625,145.4653,,1998,298.67,5.53
-15.7433,145.4372,,1998,298.58,5.4
-15.7355,145.4554,,1998,298.69,6.01
-15.711,145.3943,,1998,298.61,3.52
-15.1604,145.2671,,1998,298.45,1.2
-15.1398,145.3165,,1998,298.48,0.0
-15.0986,145.3832,,1998,298.63,2.29
-11.8963,143.1063,,1998,299.74,4.14
-14.0608,121.9644,,1998,301.41,13.69
-14.0833,121.85,,1998,301.34,15.74
21.5544,-72.9692,,1998,301.92,2.37
24.0,-74.6,,1998,302.06,6.98
25.0881,-77.4737,17.5,1998,302.48,9.29
25.0881,-77.473,,1998,302.48,9.29
27.2616,-78.3844,,1998,302.25,12.05
27.2649,-78.4,,1998,300.83,4.28
23.797,-76.146,7.77,2005,299.89,4.61
23.797,-76.146,4.5,2005,299.89,4.61
23.743,-76.076,3.96,2005,299.48,6.17
23.831,-76.198,3.65,2005,299.84,2.65
24.5167,-76.65,,1983,301.32,0.0
26.15,50.7008,,1998,306.04,25.97
26.2923,50.9617,,1998,306.2,27.21
26.6,50.8,,1998,306.14,26.89
16.2,-88.35,,1999,299.67,0.0
17.83,-87.98,16.7,2007,301.61,0.0
16.1,-88.29,8.0,2007,302.83,5.11
17.826,-87.985,11.3,2005,301.95,8.45
16.21,-88.18,8.0,1998,302.52,2.67
16.3333,-88.1667,8.0,1998,302.61,1.13
16.43,-88.2,,1998,302.59,4.41
16.47,-88.28,,1998,302.61,5.94
16.503,-88.3828,,1998,262.15,3.56
16.5982,-88.2252,,1998,302.47,3.86
16.8,-88.08,,1998,302.37,0.0
16.8,-87.7667,13.5,1998,302.24,1.04
16.87,-88.12,,1998,302.45,2.0
17.3,-87.5,8.0,1998,302.18,3.28
17.3502,-88.2711,,1998,302.31,2.65
17.4054,-87.546,,1998,302.22,0.0
18.0048,-87.8997,,1998,302.01,4.63
16.749,-87.786,7.0,2005,301.08,5.11
16.6,-88.2,,1998,301.3,8.31
16.8086,-87.6901,,1998,301.43,2.05
16.8086,-87.6901,9.14,1998,299.7,1.0
16.63,-88.13,,1998,300.08,7.74
32.3,-64.75,,1998,300.79,1.21
32.503,-64.764,,2003,300.31,4.6
-18.2,-38.8,,2005,299.44,0.0
-17.7,-39.1,,1994,300.38,2.7
-17.7,-39.1,,2005,300.13,2.54
-13.9,-39.1,,2003,262.15,0.0
-17.785,-39.0,,1998,299.69,3.18
-17.6667,-38.5,,1998,299.75,5.67
-13.6952,-38.9047,10.5,1998,300.65,9.94
-12.8,-38.2,,1998,300.69,6.53
-13.2,-38.7,,2003,300.66,1.59
18.4526,-64.6259,,1998,262.15,4.14
19.3167,-81.2333,3.0,1998,262.15,4.0
19.355,-81.1532,,1998,302.57,5.26
19.3653,-81.2862,,2009,302.19,1.69
10.78,103.24,4.0,2009,303.07,0.0
10.62,103.29,5.0,2009,262.15,0.84
10.6245,103.4935,,1998,262.15,11.13
-7.253,72.413,,2003,302.13,1.11
-7.0,71.0,3.5,2006,301.59,0.0
-6.1,71.7333,,1998,301.91,4.35
-27.1667,-109.3333,10.0,1980,294.65,
-12.2134,96.8636,,1998,300.04,9.42
9.706,-75.866,4.5,2005,302.68,5.82
10.155,-75.803,9.5,2005,302.7,9.25
9.761,-75.879,1.5,2005,302.6,3.31
10.012,-75.617,6.0,2005,302.86,6.3
10.24,-75.62,6.0,2005,302.23,6.34
12.499,-81.714,15.0,2005,300.64,13.11
14.15,145.2,,2001,262.15,2.54
14.133,145.158,2.5,2001,262.15,1.87
-12.2755,43.75,,1998,300.34,5.42
-11.4909,43.401,,1998,300.39,12.9
-18.8667,-159.75,,2000,300.35,0.0
5.55,-87.06,,1983,300.97,23.52
5.55,-87.03,,1983,301.01,22.82
5.56,-87.04,,1983,300.97,23.52
21.8284,-84.4931,,2007,302.84,2.35
21.8284,-84.4931,,2008,302.84,0.0
22.0322,-83.5648,,2008,302.88,1.1
22.1,-81.195,,1998,303.32,5.7
22.114,-81.118,15.0,2005,302.31,5.41
23.0537,-81.5642,,2008,262.15,0.0
19.8307,-77.7348,2.0,2005,262.15,3.95
22.561,-78.463,7.5,2005,300.22,6.64
-1.2333,-90.4333,,1983,262.15,40.85
-0.8167,-89.5333,,1983,297.64,37.14
-0.7167,-89.2333,,1983,297.84,35.44
0.2732,-91.6261,,1998,299.01,46.97
-1.2239,-90.5017,14.0,1998,298.96,50.31
-0.8947,-90.4097,1.5,1998,299.0,45.79
0.5028,-90.4278,7.0,1998,299.27,40.67
-1.3361,-89.6938,20.0,1998,262.15,41.84
-0.7998,-90.1042,20.0,1998,298.82,45.91
-0.4907,-90.414,20.0,1998,299.22,42.45
-0.2779,-90.5162,20.0,1998,299.18,41.61
-1.22,-90.39,,1998,296.29,35.8
-1.21,-90.47,,1998,296.16,40.84
-1.21,-90.43,,1998,262.15,38.3
-0.8,-90.0,,1998,296.12,41.06
-0.75,-90.3,,1998,296.27,42.67
-0.56,-90.17,,1998,262.15,38.59
-0.5,-90.2,,1998,296.15,37.46
0.4,-90.4,,1998,296.7,36.8
0.77,-90.4,,1998,297.01,36.74
-1.35,-89.7,,1998,296.27,33.79
-17.11,179.06,17.0,2008,301.67,11.07
-18.5,177.9,,2000,301.17,9.81
-17.8167,177.3667,,2000,262.15,2.36
-16.8,179.3,,2000,301.48,0.0
-17.8992,178.7581,,2000,300.22,4.63
-18.43,178.07,4.5,2000,300.31,12.95
-18.43,178.09,4.5,2000,300.31,12.95
-18.2,178.3,,2000,300.33,10.86
-18.42,178.02,2.0,2000,300.34,8.45
-18.1333,178.4167,,2000,262.15,7.84
-17.0,178.0,,2000,300.69,6.56
-18.1447,178.3829,,2000,300.28,6.45
-18.1251,179.3552,,2000,300.43,3.35
-18.0689,178.7044,,2000,300.34,12.79
-17.9418,179.3229,,2000,300.42,5.72
-16.8279,179.2871,,2000,300.72,0.0
-16.834,179.299,,2000,298.89,2.24
-16.81,179.239,,2000,298.89,4.36
-18.15,178.45,,1998,300.83,5.26
16.398,-61.533,11.0,2005,299.36,1.3
-17.0,-143.0,,1991,301.63,0.0
-17.0,-151.0,,1991,301.85,1.29
-17.5413,-149.6193,4.0,1994,302.01,1.0
-16.55,-151.78,0.7,2007,301.82,4.16
-16.55,-151.78,1.0,2009,301.82,4.16
-16.54,-151.79,1.3,2007,301.82,4.16
-16.54,-151.79,1.3,2009,299.92,0.0
-16.54,-151.74,2.0,2007,301.68,2.56
-16.54,-151.73,1.7,2007,301.79,4.22
-16.54,-151.73,1.2,2007,301.29,5.24
-16.53,-151.73,2.8,2007,301.74,3.49
-16.53,-151.73,1.8,2009,300.43,0.0
-16.53,-151.73,2.2,2009,300.43,0.0
-16.5,-151.78,7.0,2007,301.68,4.2
-16.5,-151.78,15.0,2007,301.68,4.2
-16.5,-151.78,15.0,2009,301.68,1.18
-16.5,-151.78,7.0,2009,301.68,1.18
-16.55,-151.7,1.0,2007,301.29,5.24
-16.54,-151.75,2.0,2007,300.61,4.16
-16.54,-151.75,2.0,2009,300.01,0.0
-16.51,-151.76,1.0,2007,300.62,1.24
-16.51,-151.76,1.0,2009,300.46,0.0
-16.49,-151.71,2.8,2007,300.63,1.35
-16.49,-151.71,2.8,2009,300.46,0.0
-16.53,-151.77,1.5,2009,300.46,0.0
-16.51,-151.78,1.0,2009,300.46,2.19
-16.48,-151.72,1.0,2009,300.46,0.0
-16.48,-151.72,1.0,2007,299.89,1.19
-16.46,-151.78,1.0,2009,300.44,0.0
-16.46,-151.78,1.0,2007,299.89,0.0
-16.45,-151.77,1.3,2009,300.41,0.0
-16.45,-151.77,1.3,2007,299.86,3.62
-16.44,-151.76,1.0,2009,300.41,0.0
-16.44,-151.76,1.0,2007,299.86,3.62
-16.5,-151.76,2.7,2007,299.9,1.18
13.433,144.65,,1994,262.15,0.79
18.9211,-72.6752,,1998,262.15,3.82
16.07,-86.98,,1988,299.59,0.0
16.29,-86.6,,1988,262.15,0.0
15.98,-86.49,12.0,2009,301.15,0.0
9.2912,79.1852,,1998,302.09,9.93
10.5771,72.6344,,1998,301.85,4.59
11.2161,92.5991,,1998,302.01,4.68
11.491,92.711,,2010,301.74,14.55
11.706,92.754,,2010,301.87,16.22
11.54,92.584,,2010,301.89,1.68
12.0,92.927,,2010,302.01,11.28
-5.5167,106.4833,7.5,1983,302.34,10.95
-8.3,115.6167,,1998,302.04,4.51
-8.1,114.9,,1998,302.02,4.46
-1.0912,117.1308,,1998,301.89,0.0
-8.3295,116.0603,,1998,302.57,3.85
-8.1517,115.0253,8.0,2009,302.67,1.13
-4.96,119.28,13.5,2010,301.9,2.32
-8.1177,115.3475,8.0,2009,301.86,8.12
-8.2601,116.6871,,1998,302.12,3.86
-8.1036,115.0568,,1998,302.29,7.78
-4.972,119.284,,2010,301.9,2.32
-8.7243,115.9421,,1998,300.72,1.16
-8.753,115.161,2.0,2010,262.15,4.49
-8.092,114.417,,2010,301.01,2.75
1.6333,124.7667,,1998,302.05,1.04
32.2411,34.7604,,1998,301.54,0.0
18.45,-77.3167,30.0,1998,262.15,8.01
18.4794,-77.3287,6.5,1987,302.45,0.0
24.3669,124.0034,5.0,2016,299.48,11.5
24.4548,124.1098,10.0,2016,299.92,14.57
24.4826,124.1254,13.0,2016,299.86,13.64
24.4837,124.1232,12.0,2016,298.52,8.32
30.4577,130.4888,8.0,2016,299.41,8.15
30.4579,130.4889,6.0,2013,299.91,8.95
30.4581,130.4889,6.0,2016,299.41,8.15
30.4581,130.4889,8.0,2016,299.91,7.9
24.3661,124.0003,6.0,2016,299.48,11.5
30.4071,130.434,1.0,2008,262.15,2.01
30.4567,130.4982,10.0,2008,301.13,2.55
26.2328,127.3109,5.0,2016,299.15,10.65
24.8136,125.1447,0.5,2016,300.25,16.93
24.8614,125.2838,5.0,2013,300.95,5.96
24.937,125.2333,3.0,2015,301.98,8.58
26.3269,127.7443,4.0,2013,262.15,8.22
26.3271,127.7439,4.0,2013,262.15,8.22
26.3324,127.7423,1.0,2013,262.15,8.83
26.3326,127.7416,2.0,2013,262.15,8.83
26.362,127.7372,4.0,2013,262.15,8.83
26.5532,127.9696,3.0,2013,262.15,10.16
26.7155,128.0183,1.0,2016,298.87,9.42
32.7779,132.7321,2.0,2010,297.93,9.87
24.3094,124.1033,12.0,2016,299.35,12.26
24.3125,124.1029,13.0,2016,298.63,8.56
24.348,124.0922,3.0,2016,301.81,12.76
24.3637,124.0413,5.0,2016,299.53,7.95
24.3662,124.252,2.0,2016,300.74,14.77
24.3792,123.9384,2.0,2016,299.62,12.23
24.3884,124.1165,5.0,2016,262.15,13.89
24.3995,124.1,5.0,2016,300.2,12.94
24.4042,124.1129,6.0,2016,262.15,12.78
24.4156,124.1139,1.0,2016,262.15,13.71
24.4186,124.0662,5.0,2016,300.2,13.03
24.4215,124.0924,4.0,2016,262.15,13.11
24.4367,123.7763,1.5,2016,301.73,9.91
24.4504,124.1733,1.0,2016,262.15,12.16
24.4561,124.1862,2.0,2016,301.05,14.98
24.4578,124.1647,1.0,2016,300.45,12.82
24.4961,124.229,2.0,2016,300.47,10.28
24.6093,124.3254,1.0,2016,300.54,11.91
26.2762,127.7004,0.5,2013,262.15,6.38
26.287,127.7214,3.0,2013,300.41,6.88
26.3279,126.7603,2.0,2008,262.15,5.44
26.3515,127.7438,1.0,2013,262.15,6.28
26.4448,127.7695,0.2,2013,300.46,6.17
26.5075,127.8549,7.0,2007,301.58,0.0
26.5281,127.9242,3.0,2013,262.15,7.88
26.6416,127.8124,3.0,2009,301.34,1.16
26.6428,127.812,1.5,2009,301.34,1.16
24.3227,124.1665,10.0,2016,298.81,6.37
24.3254,124.1637,5.0,2015,302.11,6.72
24.3417,124.0881,5.0,2016,299.66,13.4
24.3431,124.205,8.0,2016,262.15,12.75
24.4376,123.785,2.0,2016,301.29,10.51
24.7628,125.4272,1.0,2016,299.9,15.55
24.7735,125.3945,1.0,2013,262.15,3.51
24.8195,125.1409,3.0,2016,301.35,17.12
24.9265,125.2379,3.0,2016,301.48,11.88
24.9375,125.2456,1.0,2013,301.0,4.07
24.9376,125.2457,2.0,2016,300.41,14.44
24.9856,125.2768,4.0,2016,299.78,17.1
25.0064,125.2768,4.0,2016,299.79,16.84
26.2208,127.6658,2.0,2015,262.15,2.8
26.4482,127.9048,2.0,2009,299.49,1.67
26.4933,127.8402,1.0,2016,262.15,11.59
26.5232,127.8929,3.0,2016,300.11,13.16
26.7059,127.8919,2.0,2016,301.09,10.43
26.7073,127.9402,1.5,2016,298.06,10.72
26.7751,128.2031,2.0,2013,262.15,11.15
27.8692,128.8875,2.0,2013,298.89,5.26
28.4025,129.4537,2.0,2013,262.15,6.62
30.3011,130.6537,0.5,2016,300.66,2.96
30.816,130.4165,2.0,2016,298.59,8.59
32.767,132.63,1.0,2016,296.06,4.58
32.7975,132.7091,4.0,2010,262.15,8.24
34.3232,129.246,1.0,2013,293.11,16.92
24.3833,124.2667,,1998,302.1,8.07
24.37,123.98,5.0,2008,302.08,1.28
24.4741,124.1373,,1998,301.6,2.33
26.639,127.857,,1998,301.33,14.88
32.4181,129.994,,1998,262.15,10.3
26.4648,127.9899,,1998,300.4,9.69
36.75,137.4333,10.0,2001,262.15,6.69
26.6393,127.8574,,1998,298.07,11.35
24.4363,122.9862,,1998,299.35,10.24
30.5,131.0,,1998,297.24,6.69
31.5969,130.5879,,1998,295.33,10.75
-3.99,39.75,,1998,298.51,11.33
-3.99,39.75,,1998,298.51,11.33
-4.0,39.75,,1998,301.76,10.95
-1.75,41.4833,,2001,262.15,0.64
-3.2218,40.1403,,1998,300.38,0.0
1.358,173.146,,2004,301.92,7.33
1.333,173.022,,2004,301.94,6.16
1.633,172.967,,2004,301.9,9.67
1.714,172.987,,2004,301.95,11.96
1.858,172.88,,2004,301.96,11.35
1.882,172.818,,2004,302.02,13.86
1.326,172.976,,2004,301.98,6.95
29.0722,48.4933,,2000,302.2,9.0
-23.3833,43.7167,,2001,262.15,3.02
-15.8833,50.3,,2005,299.91,2.65
-15.7327,49.9567,,2005,262.15,3.12
-15.7117,49.9592,,2005,262.15,3.12
-16.0117,50.1637,,2005,299.8,3.89
-16.003,50.1997,,2005,299.8,3.89
-15.9925,50.2199,,1998,298.77,0.0
4.27,113.81,8.0,2010,300.75,0.0
4.27,113.81,9.0,2010,303.6,5.01
4.27,113.81,8.0,2010,303.25,0.0
6.063,100.04,,2010,304.07,1.89
4.29,113.83,11.0,2009,303.21,3.28
8.6366,111.924,,1998,301.57,7.98
6.05,100.04,,1998,303.72,8.74
6.05,100.04,,1998,303.14,3.75
6.05,100.04,,1998,301.73,0.0
4.27,113.82,3.0,2009,303.2,3.51
4.27,113.82,11.0,2009,303.2,3.51
4.4029,113.7453,22.0,2009,302.99,2.34
4.4037,113.742,21.0,2009,302.99,2.34
4.4867,73.4717,,1998,302.66,3.22
3.0,73.5,6.5,1998,302.29,7.64
3.25,73.0,,1998,302.28,7.33
3.4833,73.4833,,1998,302.21,9.17
5.0167,72.9167,6.5,1998,301.98,7.3
4.1667,73.5,1.15,1998,302.07,6.88
3.2333,72.9333,,1998,302.24,6.92
3.8756,72.8433,,1998,302.12,10.62
3.8756,72.8433,,1998,301.85,2.34
4.2833,73.4667,20.0,1998,302.01,10.91
4.1197,73.4742,,1998,301.52,6.84
3.8171,73.4243,,1998,301.84,3.74
3.9834,73.4262,30.0,1998,301.77,6.88
4.2695,73.0096,,1998,301.89,3.96
4.42,73.5,,1998,301.75,2.47
4.1697,72.8265,,1998,301.74,3.78
7.14,171.213,,1993,301.46,0.0
9.196,167.656,,2002,302.17,0.0
9.339,167.446,,2002,302.15,0.0
-19.638,63.396,1.0,2002,300.05,0.0
-20.2893,57.8164,,2004,300.12,1.32
-12.8333,45.2167,,1998,301.61,7.72
-12.8333,45.2167,12.0,1983,301.36,4.73
-12.8333,45.2167,,1986,301.09,1.99
-12.7,45.2,,1998,300.56,5.77
20.017,-87.462,13.7,2005,301.31,0.0
20.017,-87.462,8.8,2005,302.21,6.12
20.017,-87.462,8.95,2005,302.21,6.12
20.017,-87.462,8.65,2005,302.21,6.12
18.707,-87.706,9.6,2005,262.15,6.63
18.681,-87.713,8.55,2005,262.15,5.39
20.052,-87.466,7.6,2005,301.38,0.0
20.051,-87.463,14.3,2005,299.31,0.0
19.933,-87.432,18.15,2006,300.07,0.0
19.934,-87.434,10.25,2005,301.45,1.0
18.681,-87.714,6.1,2006,262.15,0.0
20.05,-87.47,3.4,2005,301.7,11.76
20.05,-87.47,4.3,2005,299.31,0.0
18.667,-87.717,5.2,2006,262.15,0.0
18.681,-87.711,15.15,2006,262.15,0.0
20.099,-87.462,7.45,2005,301.42,1.12
18.66,-87.716,18.75,2006,262.15,0.25
19.967,-87.461,2.25,2005,262.15,7.67
19.883,-87.426,5.95,2006,302.01,2.19
19.883,-87.426,6.1,2006,302.01,2.19
18.634,-87.72,5.5,2005,262.15,2.12
18.634,-87.72,4.8,2005,262.15,3.66
18.634,-87.72,9.85,2005,262.15,4.82
18.66,-87.709,10.15,2005,262.15,0.56
18.66,-87.709,16.1,2005,262.15,0.56
18.66,-87.709,10.7,2005,262.15,3.66
18.66,-87.709,15.15,2005,262.15,4.82
18.675,-87.707,16.15,2005,262.15,4.6
18.655,-87.71,11.3,2005,262.15,0.56
18.675,-87.708,9.1,2005,262.15,4.6
18.675,-87.708,11.3,2005,262.15,5.39
18.704,-87.704,9.75,2005,262.15,0.72
18.704,-87.704,5.1,2005,262.15,0.72
18.704,-87.704,7.45,2005,262.15,5.39
18.721,-87.692,4.65,2005,300.28,8.95
18.704,-87.702,14.95,2005,262.15,4.6
18.718,-87.693,10.05,2005,302.11,4.57
18.718,-87.692,16.05,2005,302.26,5.58
19.968,-87.452,18.6,2005,262.15,0.86
20.038,-87.466,8.2,2005,301.38,0.0
18.655,-87.709,21.2,2005,262.15,2.12
16.0,-95.0,,1998,302.87,5.86
16.0,-95.0,,1998,301.85,1.31
18.66,-87.719,5.2,2006,262.15,1.35
18.635,-87.722,5.5,2005,262.15,2.12
18.2667,-87.8333,5.0,1998,262.15,3.87
19.5,-87.3,5.0,1998,302.15,0.0
20.4167,-87.3,,1998,262.15,5.7
20.298,-87.02,4.5,2005,301.2,2.54
21.0491,-105.2573,,1997,301.82,8.72
-12.495,40.625,,1999,302.01,2.23
-24.6082,35.2685,,2005,298.23,1.0
-23.7777,35.5117,,2005,298.49,0.0
-25.4363,33.1738,,2005,297.37,1.04
16.94,54.81,,1998,300.14,18.95
16.8,54.0,,1998,300.11,15.36
7.752,134.5763,7.5,1999,300.78,2.48
7.2143,134.2269,15.24,1998,302.27,18.49
7.8128,-81.7597,,1983,302.02,8.34
7.855,-82.0125,,1983,302.17,11.85
7.9357,-82.0478,,1998,301.8,11.25
7.8167,-81.7667,,1993,301.57,0.0
7.8,-81.75,19.0,1997,300.8,18.94
7.3,-81.8,19.0,1997,300.39,24.3
7.8541,-82.4562,,1998,300.73,0.0
8.25,-80.3667,,1998,301.37,13.86
-9.5111,147.179,1.52,2009,302.35,18.6
-2.6833,150.5667,12.5,1996,302.46,1.14
-10.1167,151.1333,,1998,262.15,0.0
-9.4833,147.1833,10.0,1999,262.15,0.92
13.7246,120.8794,20.0,2010,262.15,0.91
9.3272,122.747,,1998,301.94,6.36
12.05,122.9,28.0,1998,302.28,9.54
10.21,123.98,12.0,2008,302.24,0.0
11.15,123.8,9.5,2008,302.3,8.7
9.0889,118.2272,15.0,1998,301.81,5.86
11.0,114.0,,1998,301.5,8.25
13.54,120.76,15.0,1998,301.9,6.24
16.31,119.77,15.0,1998,302.44,9.04
8.72,119.8,,1998,302.12,7.56
10.4,119.17,,1998,262.15,12.12
16.37,119.87,,1998,262.15,10.44
9.868,122.38,12.0,1998,262.15,13.03
11.1847,119.3872,,1998,262.15,5.08
11.9049,120.2632,,1998,302.1,9.64
13.2421,121.9158,,1998,301.97,12.2
11.1805,123.1675,,1998,302.03,14.32
9.8664,118.78,,1998,300.81,2.44
10.484,119.2463,,1998,262.15,4.93
-21.16,55.28,,2001,301.07,0.0
-21.0867,55.2407,0.7,2001,301.06,0.0
-20.9228,55.3417,,2005,262.15,4.21
-14.0,-171.0,10.0,2001,,
-13.8231,-171.7261,,1998,302.41,0.0
27.3107,49.5072,,1998,305.26,32.14
22.6,38.8167,,1998,304.18,6.11
-9.33,50.73,16.5,1998,301.75,7.2
-9.31,50.71,16.5,1998,301.75,7.2
-7.01,52.73,13.5,1998,302.36,13.12
-4.35,55.65,7.0,1998,302.57,14.34
-7.0113,52.7348,15.0,1998,301.43,4.67
-9.2461,51.0431,15.0,1998,300.45,4.84
-9.2126,51.0359,15.0,1998,300.45,4.84
-4.3347,55.7177,,1998,302.09,6.19
-4.6461,55.4845,,1998,262.15,6.4
1.2361,103.82,,1998,302.24,7.14
1.2833,103.8667,,1998,302.14,6.41
-8.067,156.8,,2000,262.15,2.63
6.0357,80.1898,,1998,301.93,4.6
6.1167,80.0667,,1998,302.17,8.54
6.1744,80.0661,,1998,302.27,7.43
6.9996,79.7948,,1998,302.58,1.82
6.131,80.0725,,1998,301.26,11.0
13.51,-61.4,21.0,2005,300.66,13.77
23.5167,119.6,,1998,297.68,9.27
-6.1274,39.1742,,1998,301.95,1.55
-8.1167,39.7,,1998,301.87,7.0
-7.9833,39.7833,,1998,300.04,7.88
-7.9667,39.7833,,1998,300.04,7.88
-7.8333,39.8333,,1998,262.15,13.14
-6.35,39.225,,1998,300.05,9.81
-7.9516,39.8137,,1998,300.27,1.81
-8.7242,39.5216,,1998,301.69,2.31
11.81,102.38,4.5,2008,301.58,0.0
8.0,98.33,1.0,1997,262.15,2.1
8.0,98.33,1.0,1997,262.15,3.58
8.0,98.33,1.0,1995,262.15,6.84
8.0,98.3333,,1990,262.15,2.27
8.1042,98.3028,,1990,262.15,2.14
13.3644,100.9823,,1998,262.15,9.62
12.6363,100.848,,1998,303.61,9.95
8.661,97.652,10.0,1995,302.61,5.78
9.41,97.896,6.0,1995,302.58,8.14
8.104,98.302,1.0,1991,262.15,11.75
7.73,98.74,,2010,303.06,13.25
8.0,98.5,,1991,302.64,11.48
-21.0617,-175.3406,,2000,300.61,10.13
-19.7211,-175.1017,,2000,301.06,12.45
11.297,-60.52,12.0,2005,300.27,11.84
11.291,-60.679,7.0,2005,300.16,8.73
11.155,-60.85,12.0,2005,300.32,4.36
-8.0,178.3667,,2004,302.94,1.05
24.544,54.385,,2000,306.86,6.34
25.086,55.139,,2002,305.9,13.06
24.45,54.3833,,1996,262.15,13.79
24.45,54.3833,,1998,262.15,26.23
24.148,52.738,,1996,307.22,19.21
24.121,52.52,,1998,307.02,29.52
25.0,55.0,4.5,2007,303.85,1.01
18.3267,-65.3322,,1998,300.33,0.0
24.66,-81.07,2.25,2009,303.13,8.94
25.1096,-80.36,,1998,302.5,2.02
25.15,-80.28,5.0,1987,302.86,0.0
19.67,-156.03,10.0,2008,299.87,0.0
25.7,-80.097,8.5,2005,302.32,1.05
24.6324,-81.1111,,1998,302.82,2.98
24.492,-81.888,6.8,2005,299.92,29.34
25.675,-80.098,10.0,2005,302.32,1.05
26.16,-80.083,13.6,2005,262.15,0.71
18.3833,-154.6333,,1986,299.37,0.0
24.4929,-81.7118,,1998,299.77,34.74
24.4934,-81.7084,,1998,299.77,34.74
24.55,-82.05,,1998,302.83,5.76
24.8194,-80.786,,2001,302.56,0.0
18.34,-64.747,,2005,301.78,9.04
27.83,-175.83,,2002,298.89,5.99
28.2,-177.35,,2002,298.78,11.43
24.623,-81.111,14.2,2005,300.91,2.51
24.917,-80.545,6.0,2005,300.73,2.28
25.277,-80.227,1.6,2006,300.77,0.0
25.587,-80.096,3.0,2005,300.85,1.0
24.5557,-81.5112,,1997,301.65,2.25
18.3333,-64.9333,,1998,262.15,2.48
18.347,-64.988,2.5,2005,262.15,14.06
17.914,-67.223,12.75,2003,301.57,0.0
17.764,-64.57,8.5,2005,301.2,13.51
17.765,-64.574,6.4,2005,301.2,13.51
11.4167,-64.0833,,2010,298.92,21.15
10.5333,108.95,,1998,301.26,9.0
13.5,109.3333,,1998,301.45,17.7
12.2594,109.2098,,1998,301.09,7.51
8.711,106.6497,15.0,1998,262.15,9.45
-18.7691,146.6305,,1998,301.94,4.49
-24.925,152.5015,,1998,299.89,11.95
-20.7693,151.0437,,1998,300.67,0.0
-18.5253,147.1444,,1998,301.37,1.39
-16.7078,146.0142,,1998,301.76,2.23
-28.6591,153.6335,15.0,1998,298.22,12.46
-28.4643,153.5836,,1998,298.21,12.72
-26.6502,153.1824,15.0,1998,298.41,6.22
-26.65,153.3333,15.0,1998,298.61,8.69
-19.7308,149.1667,,1998,300.14,2.78
-16.9397,145.7629,,1999,262.15,9.38
-23.9742,151.4822,,2002,298.12,15.32
-23.4074,151.1773,,2002,298.45,11.13
-21.3979,152.5104,,2002,299.55,4.77
-21.3579,152.4811,,2002,299.58,4.99
-21.2075,152.4988,,2002,299.64,6.79
-21.2034,152.5227,,2002,299.66,8.2
-21.1383,152.1863,,2002,299.72,2.2
-21.1047,152.3111,,2002,299.69,6.27
-21.1024,152.2048,,2002,299.71,7.02
-21.1023,152.354,,2002,299.7,6.49
-21.0851,152.2414,,2002,299.69,3.74
-21.0838,152.2842,,2002,299.69,6.27
-21.0752,152.2062,,2002,299.69,9.54
-21.0516,152.2092,,2002,299.69,9.54
-21.0167,149.898,,2002,299.81,4.71
-21.0027,152.4739,,2002,299.69,6.63
-20.9855,152.3947,,2002,299.76,9.55
-20.9838,149.7759,,2002,299.82,3.87
-20.9608,150.0807,,2002,299.84,4.85
-20.9521,149.7394,,2002,299.83,8.11
-20.9117,150.0336,,2002,299.89,7.14
-20.8209,150.381,,2002,299.78,4.95
-20.7989,150.4522,,2002,299.76,6.27
-20.7106,149.1395,,2002,299.42,12.33
-20.6841,149.145,,2002,299.41,8.68
-20.684,150.4466,,2002,299.74,3.9
-20.4566,149.0483,,2002,299.47,11.67
-20.3445,150.1992,,2002,299.8,3.96
-20.2973,150.104,,2002,299.76,2.56
-20.17,149.0099,,2002,299.84,7.8
-20.0825,148.8931,,2002,299.96,8.96
-20.0705,148.9047,,2002,300.0,8.54
-19.809,149.0759,,2002,299.91,8.51
-19.762,149.2332,,2002,299.89,4.64
-19.7392,149.9574,,2002,299.79,1.13
-19.728,148.3643,,2002,300.14,6.38
-19.6866,149.1924,,2002,299.88,4.01
-19.5005,148.7371,,2002,299.96,2.87
-19.2562,148.6288,,2002,299.94,0.0
-19.2092,148.5425,,2002,299.95,2.62
-19.1981,146.8156,,2002,300.2,3.92
-19.1875,146.8414,,2002,300.13,8.35
-19.1751,148.3844,,2002,299.98,1.27
-19.1548,146.865,,2002,300.1,8.26
-19.1142,146.8257,,2002,300.2,5.53
-18.9103,147.745,,2002,300.04,1.95
-18.8557,147.8929,,2002,300.17,2.35
-18.8224,147.6467,,2002,300.16,4.13
-18.6324,147.0545,,2002,300.18,3.22
-18.3586,147.2047,,2002,300.27,2.56
-18.0514,146.5585,,2002,300.24,2.75
-17.8857,146.5886,,2002,300.28,3.02
-17.8476,146.4879,,2002,300.23,4.64
-17.6925,146.572,,2002,300.3,3.02
-17.6554,146.4662,,2002,300.3,2.95
-17.5288,146.3787,,2002,300.3,3.25
-17.5241,146.5252,,2002,300.33,1.31
-17.4307,146.5451,,2002,300.23,1.15
-17.2942,146.3657,,2002,300.22,0.0
-17.2747,146.4655,,2002,300.34,1.52
-17.1841,146.292,,2002,300.35,1.0
-17.104,146.3419,,2002,300.32,0.0
-16.9496,146.2157,,2002,300.34,0.0
-16.9151,146.2486,,2002,300.36,0.0
-16.873,146.2157,,2002,300.32,0.0
-16.3248,145.8094,,2002,300.31,1.08
-16.1935,145.6964,,2002,300.3,0.0
-16.045,145.6507,,2002,300.29,0.0
-15.9743,145.6702,,2002,300.28,1.01
-15.8739,145.5741,,2002,300.28,0.0
-15.6472,145.7167,,2002,300.28,1.02
-15.3594,145.586,,2002,300.25,0.0
-15.2908,145.5758,,2002,300.3,1.05
-15.1405,145.5761,,2002,300.3,1.03
-14.9383,145.4855,,2002,300.29,1.11
-14.7802,145.0868,,2002,300.12,4.64
-14.5212,144.9739,,2002,300.35,2.6
-14.1705,144.2442,,2002,300.52,5.76
-14.1203,144.5246,,2002,300.4,6.48
-13.868,143.7141,,2002,300.98,1.48
-13.7714,143.6405,,2002,301.1,2.71
-23.5004,152.0637,,1998,297.42,43.62
-18.9038,147.9568,,1998,298.98,3.88
-14.173,-169.634,7.0,2002,302.24,2.35
-14.3247,-170.6968,,1998,262.15,0.0
-18.4091,146.7066,,1998,298.61,8.2
-17.7511,146.1526,,1998,298.53,8.77
-17.5256,146.5242,,1998,299.01,5.24
-17.0748,146.1848,,1998,298.77,6.96
-16.94,146.2069,,1998,299.01,4.22
-16.7012,146.0509,,1998,298.78,5.41
-24.1099,152.7156,,1998,297.77,10.45
-23.9054,152.4082,,1998,297.73,7.53
-23.6006,152.044,,1998,297.48,45.68
-23.4713,151.8803,,1998,297.28,13.6
-21.9583,150.6833,,1998,297.76,13.17
-21.687,150.2866,,1998,298.02,10.4
-21.6071,149.7821,,1998,297.2,11.02
-21.5205,150.2574,,1998,298.06,12.19
-20.8159,149.2661,,1998,297.47,9.25
-20.8014,149.2819,,1998,297.6,5.38
-20.7,149.2083,,1998,297.79,5.8
-20.6833,149.1,,1998,297.5,5.8
-20.6417,149.05,,1998,297.47,3.89
-20.225,149.1458,,1998,298.57,40.94
-20.1581,149.0338,,1998,298.72,40.51
-20.15,149.0667,,1998,298.39,5.98
-20.1067,148.57,,1998,298.13,8.02
-20.0784,148.4859,,1998,298.25,4.71
-20.0667,148.9583,,1998,298.84,37.08
-19.4195,148.8477,,1998,298.57,3.61
-19.3605,148.636,,1998,298.62,0.0
-19.3419,148.6335,,1998,298.62,0.0
-19.2105,148.1735,,1998,298.67,7.3
-19.167,146.85,,1998,298.06,13.57
-18.7333,147.2667,,1998,298.83,5.78
-18.7185,146.5751,,1998,262.15,12.33
-18.6754,146.5485,,1998,298.57,6.0
-18.65,146.55,,1998,299.32,37.82
-18.4,146.8333,,1998,298.77,4.67
-18.237,146.3227,,1998,298.59,11.53
-18.2333,146.7667,,1998,298.7,4.47
-18.1502,146.2894,,1998,298.53,7.95
-18.1238,146.7623,,1998,298.82,3.48
-18.1,146.7833,,1998,298.89,3.54
-18.0833,146.8,,1998,298.89,3.54
-18.0514,146.2037,,1998,298.46,7.49
-18.0398,146.787,,1998,298.9,2.36
-18.0084,146.1533,,1998,298.49,5.24
-17.9458,146.7954,,1998,299.06,3.57
-17.8491,146.4868,,1998,298.85,8.83
-17.7702,146.4392,,1998,298.86,7.08
-17.7247,146.3947,,1998,298.81,8.17
-17.67,146.167,,1998,298.51,11.86
-17.6569,146.4651,,1998,298.94,3.72
-17.4856,146.3902,,1998,298.91,4.71
-17.2957,146.3646,,1998,298.88,4.19
-17.1857,146.2909,,1998,298.99,4.58
-17.0151,146.2158,,1998,298.88,2.75
-16.769,145.9912,,1998,298.75,6.88
-16.691,146.2528,,1998,299.22,1.3
-16.4152,145.766,,1998,298.81,8.07
-16.4,145.7,,1998,298.71,4.62
-16.3029,145.4979,,1998,298.73,9.93
-16.1083,145.8351,,1998,299.14,1.03
-15.9984,145.4376,,1998,262.15,5.7
-15.937,145.3952,,1998,298.53,5.46
-15.7796,145.5803,,1998,298.84,3.86
-15.6924,145.4977,,1998,298.66,3.8
-15.4743,145.4174,,1998,298.76,2.83
-15.1104,145.4232,,1998,298.71,2.23
-14.7307,145.1789,,1998,298.5,3.38
-12.7139,143.6057,,1998,299.37,7.65
-12.6424,143.5601,,1998,299.4,5.62
-12.2167,143.2833,,1998,299.56,5.31
-11.8446,142.9376,,1998,299.89,8.6
-11.7667,143.1,,1998,299.7,4.48
-11.7608,142.9722,,1998,299.87,4.03
-11.5136,142.8717,,1998,299.87,4.71
-11.3855,142.9653,,1998,299.81,4.42
-11.2503,142.8179,,1998,299.85,2.96
-11.182,143.0291,,1998,299.91,2.94
-14.55,145.5833,,1998,298.41,2.53
-13.6667,122.0,,1998,301.29,12.93
-10.5014,105.5092,,1997,301.45,0.0
23.764,-76.12,17.0,1995,301.8,7.86
23.796,-76.137,3.5,1995,297.52,0.0
24.4994,-76.7142,9.5,1999,300.73,0.0
24.4994,-76.7142,,1998,302.63,12.97
24.3301,-74.4642,,1998,302.11,9.79
23.74,-76.066,4.0,1987,302.21,0.0
25.1879,-77.0225,,1998,301.39,9.68
23.9994,-74.5575,,1998,300.52,0.0
25.414,-77.923,,1998,299.93,5.38
26.5914,-77.9041,,1998,299.64,1.87
26.9029,50.9448,,1998,305.8,24.51
13.0391,-59.5231,,1998,262.15,5.11
16.0,-88.0,2.5,2008,302.88,0.0
16.6186,-88.2309,3.05,1998,302.47,3.86
17.0022,-88.0101,,1998,302.3,1.76
17.18,-88.08,,1998,302.39,1.54
17.27,-87.82,,1998,302.2,3.09
17.33,-88.03,,1998,302.23,1.6
17.4167,-87.8333,,1998,262.15,1.21
17.4833,-88.05,16.0,1998,302.23,1.4
17.4911,-88.0462,,1998,302.23,1.4
17.5,-87.85,,1998,302.15,1.0
16.73,-87.77,,1998,301.37,2.66
16.77,-88.07,4.5,1998,301.36,4.4
16.6155,-88.0669,,1998,301.31,5.57
16.79,-87.69,,1998,301.43,2.05
17.0905,-87.9996,,1998,301.14,7.17
32.33,-64.69,,1988,300.42,0.0
32.426,-64.706,,1988,300.78,1.34
32.47,-64.76,,1988,300.73,0.0
32.43,-64.65,12.5,2000,300.56,5.0
19.7231,-80.0463,,1998,302.94,3.04
5.073,114.719,,2010,303.05,3.9
-27.1,-109.3,,1980,262.15,
2.96,-78.175,,1998,300.63,41.7
2.98,-78.17,,1998,300.6,44.18
3.0,-78.16,2.5,1998,300.59,42.93
4.0111,-77.6335,,1997,300.49,17.91
11.3,-74.15,13.5,1999,262.15,4.93
15.2,145.7,5.5,2001,262.15,1.19
14.15,145.2,27.5,2001,262.15,0.43
15.2072,145.691,5.0,2001,302.1,1.04
18.0607,145.7421,6.5,2001,302.09,0.0
18.0707,145.7136,6.5,2001,262.15,0.41
18.0859,145.7299,6.5,2001,302.01,0.0
18.0967,145.7649,6.5,2001,302.06,1.13
18.1073,145.7858,6.5,2001,302.06,0.0
18.1197,145.7557,6.5,2001,302.06,1.13
18.1411,145.7586,6.5,2001,262.15,1.49
18.1666,145.7666,6.5,2001,302.09,3.36
18.7268,145.6634,6.5,2001,302.0,1.46
18.7483,145.6941,6.5,2001,302.07,2.19
18.7924,145.64,6.5,2001,302.19,0.0
18.8072,145.649,6.5,2001,302.19,0.0
19.6808,145.3921,6.5,2001,302.03,0.0
19.6998,145.4174,6.5,2001,302.07,0.0
19.702,145.3938,6.5,2001,302.03,0.0
20.014,145.2084,6.5,2001,302.06,0.0
20.0144,145.2342,6.5,2001,302.07,0.0
20.0175,145.2125,6.5,2001,302.06,0.0
20.0224,145.2298,6.5,2001,302.06,0.0
20.0232,145.2077,6.5,2001,302.06,0.0
20.0289,145.208,6.5,2001,302.06,0.0
20.0303,145.2272,6.5,2001,302.06,0.0
20.0357,145.2245,6.5,2001,302.06,0.0
20.538,144.8989,6.5,2001,301.95,1.3
20.5459,144.8858,6.5,2001,301.95,1.3
20.5532,144.8903,6.5,2001,301.95,1.3
14.5,145.2,2.5,2001,302.21,1.13
22.883,-83.547,,2003,299.81,1.7
-0.7488,-90.7676,,1998,297.68,41.08
-1.5,-80.81,,1998,297.75,52.8
-1.47,-80.78,,1998,262.15,48.55
-1.28,-81.07,,1998,297.45,45.32
-1.59,-80.87,,1998,297.42,38.21
-1.48,-80.8,,1998,297.73,49.99
-1.2333,-90.3833,,1983,297.37,36.96
-1.2167,-90.3,1.0,1983,297.41,35.63
15.8,39.4487,,1998,304.75,1.57
15.6224,39.4841,,1998,303.56,17.52
8.6072,150.3893,,1998,302.27,2.15
-18.39,178.2,,2001,301.02,0.0
-17.565,177.2986,3.5,2000,301.42,0.0
-18.755,178.526,14.25,2000,299.98,5.36
-18.6,178.5,13.0,2000,299.25,8.51
-18.5,178.0,13.0,2000,299.52,5.76
-17.9167,178.5833,13.0,2000,299.34,9.32
-18.9,178.1,15.0,1999,298.67,1.25
-17.6,-149.3,,1994,262.15,0.0
15.9316,-86.4011,,1998,302.54,4.42
16.3333,-86.4667,17.5,1998,302.38,4.15
9.29,79.14,,2002,303.95,0.0
9.291,79.14,,2002,303.95,0.0
9.294,79.249,,2002,303.81,2.59
9.328,79.3179,,2002,262.15,1.72
9.2921,79.3277,,2002,303.74,1.03
11.7333,92.8833,,1998,302.22,5.83
22.559,69.3347,,1998,301.67,0.0
-5.8667,110.3333,,1998,301.58,2.2
-5.5167,106.4833,,1998,301.65,7.14
-5.9013,110.5041,,1998,301.86,10.62
-8.1185,114.6278,,1998,302.29,4.46
1.1385,122.35,,1998,302.51,7.66
1.6142,124.73,,1998,301.63,4.25
17.93,-79.807,6.5,2005,302.02,1.28
17.7777,-77.0837,,1998,302.06,2.93
17.7848,-77.5627,,1998,301.96,6.93
24.4634,123.8022,5.0,2008,301.76,1.3
24.7668,125.2441,3.0,2007,301.77,1.09
26.2453,127.668,3.0,2009,299.06,1.35
26.2462,127.6679,3.0,2009,299.06,1.35
26.2479,127.6679,3.0,2009,299.06,1.35
26.4405,127.7772,4.0,2013,262.15,3.58
26.4436,127.7728,5.0,2008,301.74,10.58
26.4442,127.7727,2.0,2009,300.79,1.46
26.5326,128.0748,15.0,2016,299.35,11.79
30.4576,130.4899,12.0,2008,295.17,2.43
30.4578,130.4894,6.0,2008,301.78,3.0
32.7689,132.6389,2.0,2008,298.78,6.3
32.7735,132.627,5.0,2008,298.78,6.3
32.7736,132.6266,10.0,2010,297.18,6.45
32.7736,132.6272,2.0,2008,294.46,3.75
33.4571,135.7609,5.0,2007,262.15,6.73
33.4821,135.6952,4.0,2008,294.58,6.63
33.4914,135.6681,3.0,2008,298.46,7.23
33.5211,133.7537,2.0,2011,262.15,1.85
33.5212,133.7536,3.0,2010,262.15,6.99
33.6901,135.3315,4.0,2010,262.15,14.18
33.6906,135.336,3.0,2013,262.15,4.67
24.4398,124.0759,3.0,2009,262.15,0.39
24.7481,125.4427,3.0,2009,301.91,1.58
26.355,127.1427,0.0,2016,298.49,9.62
26.6321,142.1669,8.0,2007,300.71,0.0
30.7799,130.2851,14.5,2008,294.48,1.13
28.0729,129.3315,1.0,2016,300.71,12.33
34.6603,138.7884,3.0,2009,262.15,0.0
24.8136,125.1442,5.0,2016,300.84,15.78
26.3269,127.7442,2.0,2010,262.15,2.43
26.3269,127.745,5.0,2016,262.15,11.59
26.3271,127.7448,1.0,2013,262.15,8.22
26.4956,127.8389,1.0,2016,301.11,13.78
26.7146,128.0224,2.0,2016,301.6,10.75
26.7147,128.0144,1.0,2016,297.61,4.06
26.8474,128.288,1.5,2013,299.55,6.51
30.4545,130.4988,5.0,2008,295.17,2.43
32.7784,132.7325,1.0,2016,296.27,2.62
32.7788,132.7326,3.0,2016,297.93,2.62
24.2312,123.9935,6.0,2016,300.42,11.62
24.3098,124.1065,13.0,2016,300.38,14.19
24.3124,124.1045,12.0,2016,298.27,8.56
24.4162,124.1124,6.0,2016,262.15,12.88
24.4168,124.0792,10.0,2009,262.15,0.39
24.42,124.1139,15.0,2016,262.15,13.14
24.4234,124.0999,5.0,2016,262.15,12.36
24.4236,124.0777,10.0,2016,262.15,12.03
24.4243,124.0769,0.3,2010,262.15,0.19
24.4264,124.0719,5.0,2016,262.15,7.36
24.4271,124.1059,5.0,2016,262.15,9.05
24.4492,124.174,1.0,2009,262.15,0.0
24.4496,124.1757,1.0,2013,262.15,8.57
24.4501,124.1737,1.5,2016,262.15,11.76
24.4517,124.1836,1.5,2016,262.15,11.76
24.4518,124.0753,10.0,2009,262.15,0.0
24.4518,124.1834,2.0,2016,262.15,11.09
24.4521,124.1839,1.5,2016,262.15,11.76
24.4526,124.1839,1.0,2013,262.15,8.57
24.4543,124.0795,6.0,2010,298.1,0.0
24.4552,124.1865,2.0,2009,300.45,1.33
24.4553,124.1846,1.0,2016,300.13,13.34
24.4561,124.1864,1.5,2016,301.05,14.98
24.4563,124.1861,1.0,2016,301.74,13.44
24.4581,124.1952,1.0,2010,301.95,4.6
24.4591,124.2053,0.5,2010,301.63,1.15
24.4795,124.2182,1.2,2008,297.46,0.0
24.4861,124.2864,5.0,2010,297.9,7.55
24.609,124.3262,3.0,2016,301.36,10.37
24.6091,124.3261,2.0,2016,301.59,8.71
24.6144,124.3065,10.0,2009,300.78,2.55
26.0873,127.7102,0.5,2013,262.15,4.71
26.0877,127.7109,0.3,2016,262.15,13.18
26.0884,127.7078,2.0,2010,262.15,0.0
26.0887,127.7072,3.0,2013,262.15,4.71
26.0894,127.7085,2.0,2016,262.15,12.93
26.2582,127.6824,1.0,2013,301.22,2.43
26.2584,127.6821,1.0,2013,301.22,2.43
26.2595,127.6922,0.6,2010,298.09,4.09
26.273,127.7051,0.2,2013,262.15,6.38
26.2757,127.7015,0.3,2016,262.15,10.44
26.2763,127.7018,0.3,2016,262.15,18.76
26.3034,127.7209,6.5,2010,300.67,0.0
26.3608,126.8189,0.5,2008,301.62,4.54
26.3815,126.7901,5.0,2008,299.61,1.1
26.4063,127.715,2.0,2016,262.15,12.62
26.4363,127.7132,0.5,2016,300.8,12.3
26.4382,127.7131,0.1,2009,294.25,1.82
26.4418,127.7124,3.0,2013,300.46,4.21
26.5076,127.8906,2.0,2016,299.73,13.06
26.5544,128.1314,1.0,2013,299.34,2.3
26.559,127.9633,20.0,2008,262.15,11.64
26.5914,127.9598,1.5,2013,262.15,5.08
26.6032,127.9305,5.0,2013,262.15,8.05
26.6294,127.8589,3.0,2013,300.77,4.79
26.6458,127.8544,1.0,2013,301.07,3.14
26.6521,127.857,0.5,2013,300.06,5.88
26.6721,127.8827,2.0,2013,262.15,6.8
26.7001,127.8752,0.5,2013,262.15,7.97
26.7099,127.8813,1.5,2016,300.08,11.48
27.0445,142.1876,5.0,2008,300.57,0.0
28.4681,129.626,15.0,2005,301.46,0.0
24.0662,123.7621,2.0,2016,301.06,7.56
24.0753,123.7727,5.0,2008,301.72,1.07
24.2631,123.9955,5.0,2009,300.71,0.0
24.2801,123.721,8.0,2016,299.39,4.88
24.3349,124.2367,15.0,2016,300.43,15.32
24.3416,124.0743,2.0,2009,302.06,1.04
24.3593,124.2555,3.0,2013,300.43,4.41
24.3668,124.2556,1.0,2016,301.29,15.2
24.3671,124.2508,1.0,2016,302.05,13.03
24.4034,123.8901,12.0,2016,299.67,11.89
24.4389,123.808,7.0,2009,302.25,0.0
24.4483,124.0775,3.0,2008,262.15,1.82
24.449,123.8066,5.0,2008,301.78,3.15
24.7186,125.3427,2.0,2016,262.15,14.5
24.7194,125.3425,3.0,2016,262.15,14.24
24.7261,125.3729,6.0,2013,262.15,0.0
24.7284,125.4048,6.0,2013,262.15,0.0
24.7609,125.425,1.0,2013,300.53,3.7
24.7617,125.426,5.0,2009,299.9,1.58
24.7645,125.4258,2.0,2016,300.53,14.75
24.8133,125.143,0.8,2016,301.11,16.99
24.9264,125.2377,3.0,2016,300.41,14.44
24.9919,125.2794,2.0,2013,295.11,0.0
26.0865,127.7058,10.0,2007,262.15,1.11
26.087,127.7074,3.0,2010,262.15,3.57
26.1071,127.7466,5.0,2009,298.09,4.61
26.128,127.769,3.0,2009,262.15,1.16
26.1486,127.8155,1.0,2009,298.29,0.0
26.1688,127.3455,3.0,2007,262.15,5.38
26.1748,127.3401,8.0,2009,262.15,0.0
26.1758,127.2311,23.0,2008,297.4,2.8
26.201,127.2888,5.0,2007,299.56,0.0
26.203,127.2881,1.0,2008,301.34,3.2
26.2147,127.2917,10.0,2004,301.66,0.0
26.2567,127.4027,4.0,2013,300.58,5.0
26.2737,127.9688,5.0,2009,301.55,0.0
26.3083,127.8597,1.0,2007,299.01,0.0
26.3083,127.8601,0.1,2010,298.46,4.22
26.3087,127.8631,1.0,2013,262.15,4.21
26.3554,126.8536,10.0,2013,300.0,4.45
26.4478,127.7885,20.0,2008,262.15,6.62
26.5024,127.842,4.0,2016,300.82,14.42
26.5037,127.8436,4.0,2016,300.82,14.42
26.5052,127.8497,3.0,2013,299.36,5.71
26.5379,128.08,1.5,2013,262.15,2.59
26.6311,127.8852,3.0,2013,262.15,6.76
26.6359,127.8657,2.0,2016,262.15,13.26
26.6361,127.8658,0.0,2013,262.15,5.58
26.6977,128.0136,1.5,2016,300.48,12.87
26.7343,127.7885,25.0,2007,262.15,0.0
26.7346,127.789,15.0,2008,262.15,5.8
26.7793,128.211,0.2,2013,262.15,9.78
27.1032,142.2076,5.0,2008,300.68,3.66
27.1049,142.205,5.0,2008,300.68,3.66
28.0706,129.3275,0.5,2013,298.67,9.56
28.1189,129.3044,2.0,2008,262.15,3.62
28.2043,129.2716,1.0,2016,262.15,9.96
30.2211,130.4297,3.0,2008,295.63,1.08
30.4693,130.2314,12.0,2008,295.33,1.23
32.6586,128.66,2.0,2013,262.15,12.35
32.7658,132.8728,8.0,2010,296.34,12.68
32.8029,131.9653,2.0,2010,262.15,5.75
33.6367,134.4856,10.0,2008,294.78,6.51
33.7691,129.6547,3.0,2013,262.15,18.0
33.8065,129.6676,2.0,2013,262.15,20.76
34.0124,136.2606,3.0,2006,299.6,0.0
34.0545,139.4805,5.0,2013,296.3,11.97
34.0559,139.4807,2.0,2013,296.3,11.97
34.1056,129.174,3.0,2013,293.51,17.18
34.4236,129.2664,3.0,2013,291.59,18.57
34.6081,138.824,5.0,2009,298.46,5.82
34.6627,138.7854,3.0,2008,262.15,7.5
26.5,128.0,,1998,262.15,19.51
28.2667,129.35,1.5,2001,262.15,4.88
30.3,130.5,,2001,262.15,12.17
26.269,127.6995,,1998,262.15,8.87
26.4478,127.7746,,1998,298.21,11.09
-1.7226,41.5222,,1998,301.06,28.5
29.5,49.0,,2000,302.36,11.39
-23.4941,43.7538,,1998,262.15,2.41
-19.5915,44.425,,1998,262.15,3.22
-16.5,49.85,,1998,301.86,5.23
-13.1873,48.2823,,1998,302.97,9.88
-12.82,48.6376,,1998,302.63,4.81
-15.0,50.5,,1998,301.83,3.42
6.0361,116.0322,1.5,1998,303.92,2.53
3.425,73.422,5.5,2003,302.08,3.69
4.2716,72.7749,,1998,301.64,5.11
4.7408,73.4964,,1998,301.69,7.62
-20.4132,57.7133,,1998,300.78,5.11
-20.1602,57.4528,,1998,301.15,4.76
-19.658,63.335,,2002,300.63,1.4
-20.466,57.329,,2004,262.15,0.0
-20.279,57.365,,2004,298.18,0.0
-20.104,57.493,,2004,298.02,0.0
-19.979,57.668,,2004,297.82,0.0
-13.0668,45.1106,,1998,301.55,12.07
19.8833,-87.4261,6.1,2006,302.01,2.19
19.8833,-87.4261,3.05,2005,302.01,1.02
19.9667,-87.4531,10.8,2006,262.15,0.0
19.9667,-87.4531,8.8,2005,262.15,5.2
19.9667,-87.4531,10.4,2005,262.15,4.39
19.9667,-87.4531,8.8,2005,262.15,4.39
19.9667,-87.4531,9.95,2005,262.15,4.39
19.9667,-87.4531,9.45,2005,262.15,0.0
18.7066,-87.704,14.3,2006,262.15,0.0
18.7066,-87.704,15.0,2006,262.15,0.0
18.7066,-87.704,15.4,2005,262.15,1.32
18.7066,-87.704,13.4,2005,262.15,1.32
19.934,-87.4336,12.65,2006,300.07,0.0
19.934,-87.4336,12.2,2004,300.9,1.01
19.7864,-87.4263,19.8,2004,300.87,0.0
19.9729,-87.4528,17.6,2006,262.15,0.0
18.724,-87.6968,8.2,2005,300.28,8.95
20.0995,-87.4625,9.9,2005,299.52,0.0
20.0995,-87.4625,8.5,2005,302.1,4.27
20.0995,-87.4625,9.9,2004,300.81,0.0
20.0995,-87.4625,10.0,2004,300.81,0.0
20.0995,-87.4625,8.05,2005,299.49,0.0
19.9333,-87.4321,15.85,2005,302.09,3.18
19.9333,-87.4321,18.3,2005,301.57,7.61
19.9333,-87.4321,18.6,2005,301.57,7.61
19.9333,-87.4321,15.2,2004,300.9,1.01
19.9333,-87.4321,20.0,2004,300.9,1.01
20.0375,-87.4662,8.8,2005,301.38,0.0
20.0375,-87.4662,10.25,2006,301.38,0.0
20.0375,-87.4662,8.8,2004,300.11,2.17
18.7069,-87.7058,9.2,2006,262.15,0.0
18.7069,-87.7058,10.05,2006,262.15,0.0
18.7069,-87.7058,12.5,2005,262.15,1.08
18.7069,-87.7058,9.6,2005,262.15,6.63
18.6809,-87.7126,10.0,2006,262.15,0.0
18.6809,-87.7126,8.95,2005,262.15,0.72
20.052,-87.4663,6.3,2006,299.66,0.0
20.052,-87.4663,6.1,2005,301.38,0.0
20.052,-87.4663,7.6,2005,301.38,0.0
20.052,-87.4663,6.4,2005,302.15,6.73
20.052,-87.4663,8.8,2004,300.97,3.37
20.052,-87.4663,5.05,2005,299.31,0.0
20.0514,-87.4628,12.6,2006,299.66,0.0
20.0514,-87.4628,11.45,2005,301.86,0.0
20.0514,-87.4628,13.4,2005,301.7,11.76
20.0505,-87.4704,3.4,2005,301.7,11.76
20.0505,-87.4704,3.55,2005,301.7,11.76
20.0505,-87.4704,3.7,2004,300.97,3.37
19.8805,-87.412,20.1,2005,302.32,2.17
19.8805,-87.412,18.6,2004,300.86,0.0
19.8805,-87.412,17.55,2004,300.86,0.0
19.9683,-87.4517,17.7,2005,262.15,0.27
19.9683,-87.4517,18.3,2004,262.15,1.63
20.0169,-87.4622,9.0,2005,302.21,6.12
20.0169,-87.4622,30.0,2004,300.89,2.43
20.0169,-87.4622,10.1,2005,300.01,3.67
20.0169,-87.4622,11.75,2005,300.01,3.67
19.9321,-87.4342,7.1,2006,300.07,0.0
18.7199,-87.7011,6.15,2006,262.15,0.55
18.7241,-87.6983,5.35,2005,262.15,4.58
18.707,-87.7068,5.35,2006,262.15,0.0
18.707,-87.7068,5.95,2005,262.15,4.58
18.6672,-87.7155,9.8,2006,262.15,0.0
18.6672,-87.7155,10.35,2006,262.15,0.0
18.6672,-87.7155,10.2,2005,262.15,5.39
20.015,-87.4648,4.6,2005,300.01,3.67
18.6672,-87.7142,15.95,2006,262.15,0.0
18.6672,-87.7142,15.75,2006,262.15,0.0
18.6672,-87.7173,4.75,2006,262.15,0.0
18.6672,-87.7173,5.75,2006,262.15,0.0
18.6806,-87.7113,16.1,2006,262.15,0.0
18.6806,-87.7113,13.35,2006,262.15,0.0
18.6806,-87.7113,14.8,2005,262.15,0.88
20.4,-87.3,12.5,2007,262.15,0.58
20.4,-87.3,12.5,2010,262.15,5.41
18.6872,-87.7122,7.3,2005,262.15,1.82
19.967,-87.4608,3.0,2004,262.15,1.63
18.6343,-87.7199,9.1,2006,262.15,1.35
18.7196,-87.6977,16.05,2005,302.26,5.58
18.7196,-87.6977,14.5,2005,299.45,2.65
18.7196,-87.6995,9.45,2005,262.15,6.63
18.6345,-87.7222,4.6,2005,262.15,2.12
18.6,-87.7,12.5,2010,302.12,6.42
23.4303,-109.3849,,1997,303.58,19.24
20.5,-87.05,,1998,302.33,1.09
20.8,-86.8,5.5,2010,302.2,5.35
20.8,-86.8,5.5,2011,302.2,0.0
23.0,-109.7,,1997,262.15,24.27
21.4709,-105.2144,,1997,301.59,8.02
24.781,-110.4833,,1997,299.72,11.42
-12.962,40.553,,1999,262.15,0.0
12.1833,-68.3,,1992,299.84,2.46
12.2417,-68.2428,,1998,262.15,7.0
12.078,-68.2158,19.0,1998,262.15,3.03
20.2646,58.4244,,1998,298.08,5.32
7.752,134.5763,,1998,301.91,5.71
7.2582,-80.3834,,1998,299.3,10.25
8.4522,-79.0097,,1998,300.59,16.52
7.8167,-81.7667,20.0,1997,300.8,18.94
9.1076,-81.8225,1.2,2002,301.64,0.0
7.7902,-81.761,20.0,1997,300.8,18.94
-10.3,150.416,3.5,2000,262.15,5.14
-5.2592,151.0228,,1998,302.53,1.17
-5.2,150.5167,50.0,1998,302.48,0.0
-4.9025,151.062,50.3,1998,302.55,1.19
10.01,125.01,9.0,2008,299.81,0.0
10.19,124.0,12.0,2008,302.37,1.69
9.2,123.34,,1998,302.16,8.21
10.8807,120.8045,,1998,301.92,6.57
13.7163,120.8504,,1998,301.72,12.14
13.2421,121.9158,,1998,301.97,12.2
16.45,119.9167,3.0,1994,302.42,0.0
9.0833,123.2667,,1998,301.87,17.77
10.4456,123.6308,,1998,301.39,2.46
-21.258,55.3253,,1998,300.55,1.12
-21.1135,55.2526,,1998,262.15,1.16
-13.825,-171.785,,1998,302.48,0.0
24.2,36.8,,1998,303.45,4.23
-9.5364,50.9956,15.0,1998,300.38,12.83
-9.4476,46.3991,15.0,1998,300.24,4.83
-9.0092,160.1024,,2000,302.8,1.51
-10.1667,161.95,,2000,301.64,0.0
-9.083,160.25,,2000,262.15,0.0
-8.9979,159.2518,,2000,302.12,5.71
-8.5,160.9,,2000,302.01,0.0
-8.4895,158.1295,,2000,302.06,1.11
-7.65,156.6667,,2000,302.23,2.74
6.0985,81.2873,,1998,301.82,4.25
8.6961,79.8677,,1998,301.87,9.74
6.3203,81.6206,,1998,301.41,1.48
23.61,119.5819,,1998,300.05,8.96
-6.3031,39.195,,1998,302.06,1.15
-6.1925,39.1349,,1998,301.95,1.42
-6.0,39.55,,1998,301.96,5.77
-6.0,39.55,,1998,299.98,11.42
-5.025,39.24,,1998,299.96,11.08
-10.3477,40.3384,,1998,300.14,3.8
-5.1167,39.2167,,1998,299.96,9.31
6.4025,101.9067,,1998,303.71,10.89
9.209,99.3818,,1998,303.86,6.12
9.6827,100.0337,,1998,262.15,12.6
10.0531,99.8382,,1998,303.55,13.64
10.4843,99.24,,1998,303.57,13.05
11.83,99.82,,1998,303.21,16.24
11.9538,102.363,,1998,303.58,13.62
12.152,102.5692,,1998,262.15,19.9
12.5503,101.425,,1998,303.63,14.57
12.6296,101.3293,,1998,262.15,13.88
12.9526,100.8216,,1998,303.8,9.86
13.15,100.8,,2000,303.9,0.0
24.6,54.5,,2007,303.6,4.83
24.79,-80.8897,22.5,1999,302.13,5.6
25.1175,-80.3159,,1999,301.15,1.46
25.1247,-80.308,,1999,301.11,1.33
24.55,-81.667,10.67,1998,262.15,12.81
24.5,-81.05,,1997,302.75,1.27
24.5342,-81.5811,,1997,302.83,1.04
24.4913,-81.6634,,1998,302.8,4.84
24.4927,-81.7166,,1998,299.77,34.74
24.808,-80.823,,1998,302.86,9.7
18.256,-65.592,,2005,301.89,11.09
18.309,-65.655,,2005,262.15,14.49
17.9167,-67.05,,1998,302.2,2.88
24.58,-81.4,13.72,1998,301.67,1.39
24.63,-82.92,,1998,301.53,2.75
24.63,-82.86,,1998,301.57,1.17
24.7,-82.8167,,1998,301.5,5.31
26.1372,-80.0786,,1998,262.15,1.84
17.787,-64.628,,2005,301.24,12.29
26.525,-80.0667,,2000,262.15,0.76
25.5655,-80.2167,14.5,2001,298.72,0.0
25.6167,-80.5333,14.5,2001,262.15,
17.904,-67.037,25.0,2003,300.61,1.56
-14.28,-170.715,,2005,262.15,0.51
12.42,-69.88,10.0,2007,262.15,1.51
-23.447,151.91,,2006,297.25,24.36
-28.7001,153.6209,,1998,298.98,8.97
-20.2596,148.8417,,1998,301.19,3.03
-19.16,146.85,,2002,262.15,6.01
-18.6587,146.4852,,1999,300.75,8.22
-12.317,136.933,1.25,2005,302.37,4.04
-19.15,146.85,5.0,1998,262.15,9.01
-23.32,151.98,2.5,2006,297.45,39.59
-20.16,149.03,,1998,298.56,39.29
-20.15,149.07,,1998,300.21,3.86
-23.49,152.09,2.5,2006,298.66,5.22
-21.87,152.19,2.5,2006,299.19,0.0
-21.87,152.19,5.5,2006,299.19,0.0
-22.0,152.67,2.5,2006,299.04,3.76
-21.98,152.48,5.5,2006,299.07,3.14
-21.98,152.48,2.5,2006,299.07,3.14
-19.3876,146.7176,,1999,262.15,0.0
-18.6236,147.0549,,1999,300.49,10.19
-23.7542,151.3343,,2002,298.39,13.91
-23.4493,151.9657,,2002,298.77,11.01
-21.5738,152.0083,,2002,299.55,5.56
-21.5542,152.5446,,2002,299.43,4.57
-21.4638,152.5207,,2002,299.49,6.56
-21.3856,152.503,,2002,299.55,4.77
-21.3573,152.5201,,2002,299.59,6.29
-21.2295,152.5037,,2002,299.64,6.79
-21.2015,152.0985,,2002,299.68,5.66
-21.1777,152.5174,,2002,299.66,8.2
-21.1657,150.6622,,2002,299.68,8.02
-21.1612,152.1497,,2002,299.72,2.2
-21.1363,150.7633,,2002,299.67,9.42
-21.1358,150.789,,2002,299.68,8.1
-21.1335,152.4891,,2002,299.68,6.34
-21.1236,150.4809,,2002,299.7,3.27
-21.085,152.5023,,2002,299.7,7.54
-21.0651,152.234,,2002,299.69,6.92
-21.0644,152.4656,,2002,299.71,5.88
-21.0121,150.5227,,2002,299.67,4.36
-20.9046,150.6232,,2002,299.75,5.37
-20.7812,150.4849,,2002,299.73,7.04
-20.7171,150.4698,,2002,298.38,43.53
-20.6804,150.2294,,2002,298.36,41.32
-20.6575,150.2882,,2002,298.39,42.94
-20.6508,150.4597,,2002,299.75,2.75
-20.627,150.8025,,2002,299.67,2.45
-20.4852,149.055,,2002,299.47,11.67
-20.471,150.2902,,2002,299.8,7.12
-20.4479,150.2407,,2002,299.76,4.25
-20.4034,150.2373,,2002,299.8,3.94
-20.342,150.134,,2002,299.77,4.62
-20.2724,149.0767,,2002,299.78,3.56
-20.2609,149.0825,,2002,299.78,3.56
-20.1721,149.031,,2002,298.49,45.7
-20.1417,150.4446,,2002,299.78,1.41
-20.1312,149.9402,,2002,299.77,5.09
-20.1006,149.9282,,2002,299.77,3.56
-20.0667,149.9306,,2002,299.8,2.16
-20.0341,149.9497,,2002,299.83,3.34
-19.8464,149.8959,,2002,299.85,4.32
-19.8009,149.2017,,2002,299.91,2.71
-19.7194,149.9751,,2002,299.79,1.13
-19.6934,149.9776,,2002,299.85,1.45
-19.6652,149.9265,,2002,299.83,1.91
-19.6313,149.6697,,2002,299.82,2.05
-19.6164,149.8498,,2002,299.87,1.31
-19.6118,149.6345,,2002,299.82,1.09
-19.6106,149.7257,,2002,299.84,4.37
-19.5486,149.3563,,2002,299.88,1.07
-19.5458,149.275,,2002,299.88,2.2
-19.5332,149.3687,,2002,299.87,0.0
-19.5325,149.3981,,2002,299.87,0.0
-19.5028,149.1215,,2002,299.69,0.0
-19.4948,149.048,,2002,299.89,2.67
-19.4922,148.9003,,2002,299.93,3.33
-19.4657,149.1732,,2002,299.87,1.14
-19.4378,148.8531,,2002,299.89,0.0
-19.1624,146.8524,,2002,300.13,8.35
-19.1225,146.8813,,2002,300.1,8.26
-19.1172,146.8824,,2002,300.18,7.29
-19.0381,146.6094,,2002,300.32,4.27
-19.0346,146.5867,,2002,300.28,5.52
-18.9638,146.6309,,2002,300.29,4.02
-18.7984,147.5304,,2002,300.15,5.04
-18.7249,147.5403,,2002,300.09,2.3
-18.6958,147.1013,,2002,300.03,4.01
-18.5644,147.4952,,2002,300.17,7.58
-18.5585,146.4876,,2002,300.32,0.0
-18.5232,147.1444,,2002,300.07,4.21
-18.508,147.5404,,2002,300.27,8.89
-18.4999,147.4445,,2002,300.2,6.22
-18.4789,146.874,,2002,300.07,3.83
-18.4224,147.3496,,2002,300.25,2.28
-18.3508,146.8285,,2002,300.06,1.14
-18.3228,146.7453,,2002,300.17,4.3
-18.2285,146.7297,,2002,300.21,2.98
-18.2101,147.0269,,2002,300.26,5.68
-18.1354,146.9721,,2002,300.22,3.35
-18.1223,146.7633,,2002,300.15,2.29
-18.0117,146.8392,,2002,300.26,4.95
-17.9957,146.7756,,2002,300.27,2.49
-17.79,146.5182,,2002,300.26,5.0
-17.7736,146.6466,,2002,300.26,3.17
-17.7686,146.4403,,2002,300.36,6.26
-17.7496,146.1536,,2002,300.36,2.38
-17.7232,146.3958,,2002,300.33,1.17
-17.484,146.3912,,2002,300.32,3.56
-17.224,146.092,,2002,300.36,0.0
-17.2105,146.0771,,2002,300.36,0.0
-17.0732,146.1858,,2002,300.19,0.0
-16.8751,146.3983,,2002,300.39,0.0
-16.7896,146.2726,,2002,300.41,0.0
-16.4137,145.767,,2002,300.31,0.0
-16.2123,145.7926,,2002,300.32,0.0
-16.1233,145.6901,,2002,300.21,1.09
-16.116,145.7766,,2002,300.32,1.23
-16.0762,145.7569,,2002,300.27,0.0
-16.031,145.711,,2002,300.3,0.0
-16.0216,145.7011,,2002,300.3,0.0
-15.8758,145.7943,,2002,300.37,2.03
-15.8112,145.7753,,2002,300.38,3.63
-15.7921,145.7971,,2002,300.38,3.63
-15.5534,145.527,,2002,300.22,1.0
-15.5346,145.3525,,2002,300.17,1.25
-15.5133,145.5364,,2002,300.26,0.0
-15.507,145.5484,,2002,300.26,0.0
-15.5033,145.6181,,2002,300.29,0.0
-15.4275,145.5087,,2002,300.24,0.0
-15.4127,145.4314,,2002,300.26,0.0
-15.365,145.7817,,2002,300.4,1.68
-15.3145,145.7636,,2002,300.42,1.65
-15.2075,145.5571,,2002,300.27,0.0
-15.2046,145.7426,,2002,300.45,2.28
-15.1657,145.4963,,2002,300.21,2.84
-15.075,145.7221,,2002,300.37,1.02
-15.0505,145.5672,,2002,300.28,1.5
-15.0233,145.4419,,2002,300.21,1.02
-15.0052,145.5689,,2002,300.34,1.99
-14.9916,145.7022,,2002,300.41,2.82
-14.8957,145.479,,2002,300.18,1.1
-14.8814,145.5576,,2002,300.27,3.63
-14.8657,145.5293,,2002,300.28,5.23
-14.8547,145.4811,,2002,300.25,2.54
-14.8547,145.4811,,2002,300.25,2.54
-14.711,145.3788,,2002,300.14,0.0
-14.6856,145.4493,,2002,300.17,3.48
-14.6644,145.6499,,2002,300.42,5.46
-14.6143,144.9353,,2002,300.25,2.2
-14.5395,144.9903,,2002,300.33,3.31
-14.4984,145.5367,,2002,300.4,4.92
-14.4952,144.9678,,2002,300.28,2.85
-14.4526,145.481,,2002,300.36,2.84
-14.4448,145.4104,,2002,300.31,1.25
-14.4262,144.8908,,2002,300.35,2.7
-14.4255,144.8113,,2002,300.12,1.08
-14.3603,144.758,,2002,300.39,2.57
-14.176,144.2181,,2002,300.63,7.28
-13.9611,143.8394,,2002,300.9,3.17
-13.9156,143.8388,,2002,300.89,3.33
-12.7831,143.487,,2002,300.63,1.25
-12.78,143.4128,,2002,300.71,2.7
-12.7524,143.3963,,2002,300.82,2.52
-11.9517,143.2689,,2002,300.79,4.41
-11.8949,143.1073,,2002,300.94,6.86
-11.1806,143.0302,,2002,301.03,0.0
-11.0081,142.9874,,2002,301.01,0.0
-18.43,146.99,,1998,298.82,5.56
-18.63,147.05,,1998,298.78,8.26
-18.42,147.35,,1998,299.12,3.82
-18.74,147.27,,1998,298.83,5.78
-18.09,146.79,,1998,298.89,3.54
-20.2667,148.9833,,1992,262.15,4.86
-23.6966,152.1829,,1998,297.53,11.14
-23.5004,152.0637,,1998,297.42,43.62
-23.4509,151.9647,,1998,297.42,9.85
-21.0333,149.55,,1998,297.87,7.99
-20.9132,150.0325,,1998,298.44,10.9
-20.9117,149.3903,,1998,297.65,9.36
-20.9056,149.4355,,1998,297.77,12.3
-20.7812,149.3931,,1998,297.97,9.68
-20.7675,149.4329,,1998,298.05,6.85
-20.7667,149.6083,,1998,298.38,9.35
-20.7419,149.4836,,1998,298.29,3.78
-20.6566,149.1531,,1998,297.77,7.89
-20.65,149.075,,1998,297.57,5.34
-20.3667,148.95,,1998,297.68,4.41
-20.3667,148.9667,,1998,297.68,4.41
-20.3333,148.9333,,1998,297.68,1.17
-20.25,148.8167,,1998,298.04,4.72
-20.1736,149.03,,1998,298.6,38.49
-20.1716,149.0089,,1998,298.26,5.24
-20.1667,149.0167,,1998,298.26,5.24
-20.1575,149.0709,,1998,298.39,5.98
-20.0792,148.9583,,1998,298.79,40.63
-19.818,149.119,,1998,298.48,1.77
-19.8105,149.0749,,1998,298.52,2.75
-19.8024,149.2006,,1998,298.51,4.46
-19.5021,148.736,,1998,298.58,2.85
-19.5005,148.7841,,1998,298.61,4.44
-19.4672,149.1722,,1998,298.65,1.1
-19.3687,148.3363,,1998,298.7,3.86
-19.324,148.4328,,1998,298.68,4.69
-19.2833,148.3473,,1998,298.67,5.43
-19.2578,148.6277,,1998,298.67,0.0
-19.2107,148.5415,,1998,298.7,1.04
-19.1766,148.3833,,1998,298.65,4.8
-19.0226,148.111,,1998,298.9,5.94
-18.9528,148.0803,,1998,298.97,5.68
-18.9038,147.9568,,1998,298.98,3.88
-18.8666,147.7167,,1998,298.9,6.37
-18.8572,147.8919,,1998,298.99,2.59
-18.7767,147.8739,,1998,299.0,3.8
-18.7747,147.7103,,1998,298.95,7.17
-18.749,147.2702,,1998,298.79,7.24
-18.7301,147.8435,,1998,299.07,4.42
-14.327,-170.713,7.0,2004,262.15,1.08
-14.264,-170.6678,,2002,262.15,2.19
-14.37,-170.77,19.5,2001,262.15,4.04
-14.28,-170.72,9.75,2001,262.15,0.98
-14.255,-170.63,9.75,2001,262.15,1.12
-18.7264,147.5392,,1998,298.83,3.66
-18.6973,147.1002,,1998,298.65,8.08
-18.6606,147.7102,,1998,299.07,3.16
-18.5659,147.4941,,1998,298.97,2.14
-18.4804,146.8729,,1998,298.69,7.6
-18.4667,146.9833,,1998,298.78,5.95
-18.4336,146.9907,,1998,298.82,5.56
-18.4091,146.7066,,1998,298.61,8.2
-18.3523,146.8274,,1998,298.69,7.57
-18.2683,147.3862,,1998,299.24,3.36
-18.1732,146.1528,,1998,298.54,9.8
-18.137,146.9711,,1998,299.03,1.07
-18.0248,146.1651,,1998,298.49,5.24
-18.0167,146.7833,,1998,298.96,2.27
-17.9972,146.7745,,1998,298.95,3.67
-17.9781,146.1349,,1998,298.45,5.06
-17.7915,146.5171,,1998,298.88,7.85
-17.7511,146.1526,,1998,298.53,8.77
-17.6129,146.4517,,1998,298.87,3.88
-17.5256,146.5242,,1998,299.01,5.24
-17.375,146.4167,,1998,298.98,9.83
-17.0748,146.1848,,1998,298.77,6.96
-16.94,146.2069,,1998,299.01,4.22
-16.7012,146.0509,,1998,298.78,5.41
-16.6745,145.939,,1998,298.74,5.41
-16.3,145.683,,1998,298.79,3.88
-16.0333,145.708,,1998,299.02,1.53
-15.4142,145.4304,,1998,298.67,2.33
-15.0248,145.4408,,1998,298.82,0.0
-14.852,145.2718,,1998,298.62,0.0
-14.7354,145.199,,1998,298.71,0.0
-14.733,145.1854,,1998,298.5,3.38
-14.7157,145.1924,,1998,298.71,0.0
-14.1012,144.3202,,1998,298.97,0.0
-12.7538,143.3952,,1998,299.54,4.51
-12.5333,143.5333,,1998,299.47,4.52
-12.4833,143.425,,1998,299.45,6.52
-12.45,143.5,,1998,299.51,0.0
-12.4167,143.5,,1998,299.51,0.0
-12.3167,143.333,,1998,299.59,6.25
-12.3,143.4167,,1998,299.56,3.7
-12.2347,143.2849,,1998,299.56,5.31
-12.1437,143.3712,,1998,299.62,5.97
-12.0975,143.2639,,1998,299.62,10.21
-12.0315,143.3003,,1998,299.6,9.95
-11.988,143.2637,,1998,299.58,3.38
-11.9621,143.27,,1998,299.58,3.38
-11.9532,143.2678,,1998,299.63,3.4
-11.7982,142.9355,,1998,299.96,7.32
-11.7732,142.9352,,1998,299.9,9.66
-11.7721,143.0849,,1998,299.7,4.48
-11.7332,142.9853,,1998,299.77,3.72
-11.5963,142.9375,,1998,299.88,7.44
-11.5957,143.0087,,1998,299.84,4.5
-11.5523,143.0157,,1998,299.78,4.2
-11.4866,143.0367,,1998,299.78,6.28
-11.4557,143.0409,,1998,299.78,6.28
-11.3915,143.0718,,1998,299.82,1.34
-11.2578,142.8728,,1998,299.88,2.66
-11.25,142.9272,,1998,299.86,2.23
-11.2421,142.9983,,1998,299.89,3.98
-11.1703,143.097,,1998,299.93,3.21
-11.115,143.0243,,1998,299.92,2.51
-11.0722,143.0911,,1998,299.96,3.67
-11.0095,142.9863,,1998,299.92,2.3
-10.8913,142.6952,,1998,299.97,6.73
-10.8212,142.7646,,1998,300.08,6.09
-10.8014,142.9828,,1998,300.04,4.4
-10.7049,142.7325,,1998,300.09,7.16
-10.6782,142.7372,,1998,300.1,4.47
-14.65,145.49,5.5,2006,297.87,0.0
-20.6048,116.7575,3.0,2005,262.15,17.73
-20.6008,116.7593,3.0,2005,262.15,17.73
-20.5959,116.7639,4.5,2005,262.15,17.73
-20.5901,116.7686,3.0,2005,262.15,17.73
-20.589,116.7748,3.0,2005,262.15,17.73
-20.5713,116.7802,3.0,2005,262.15,15.94
-12.5321,123.5413,,1998,301.09,8.94
-11.9894,123.4121,,1998,301.07,12.47
-22.0333,113.9167,,1999,262.15,7.36
-19.74,149.2,2.5,2007,299.42,0.0
-19.74,149.2,,2007,301.13,0.0
-17.2493,119.334,,1998,302.21,6.06
-21.6837,114.93,,1998,262.15,2.32
-16.05,145.83,9.0,2007,302.09,3.44
23.764,-76.12,17.0,1991,297.15,0.0
23.764,-76.12,17.0,1993,302.59,2.79
23.764,-76.12,17.0,1994,300.35,2.03
23.764,-76.12,17.0,1992,298.87,1.1
23.796,-76.137,3.5,1992,297.95,4.51
23.796,-76.137,3.5,1994,297.95,1.06
23.796,-76.137,3.5,1993,299.09,1.71
24.592,-76.806,3.0,1993,302.19,0.0
24.7513,-77.8077,1.0,1998,302.27,3.22
26.0598,-76.9495,8.4,1999,302.28,1.15
24.8438,-77.8573,8.9,1998,302.42,11.53
24.626,-77.691,8.5,1998,302.45,5.8
26.6033,-76.9832,5.4,1999,302.11,0.0
26.6372,-77.0385,4.4,1999,302.18,1.39
26.3575,-76.9768,8.0,1999,302.19,0.0
24.8449,-77.861,0.6,1998,302.42,11.53
24.5064,-77.697,12.6,1998,302.44,4.76
26.5323,-76.9504,5.0,1999,302.18,0.0
26.5268,-76.957,3.9,1999,302.18,0.0
24.2917,-77.6462,1.7,1998,302.39,2.93
25.0637,-77.9378,1.0,1998,302.53,13.47
26.64,-77.0393,12.1,1999,302.18,1.39
23.742,-76.051,24.0,1990,302.56,0.0
23.7413,-76.0054,,1998,302.44,10.19
23.745,-76.081,4.0,1987,302.19,0.0
23.745,-76.081,4.0,1987,302.19,0.0
23.7907,-76.1393,7.0,2005,301.16,4.61
23.1273,-73.75,,1998,300.58,0.0
23.797,-76.146,7.77,2005,299.89,4.61
23.797,-76.146,7.77,2005,299.89,4.61
23.797,-76.146,7.77,2005,299.89,4.61
23.752,-76.105,2.74,2005,299.9,5.33
23.752,-76.105,2.74,2005,299.9,5.33
13.073,-59.603,5.6,2006,300.13,0.0
13.188,-59.642,4.6,2006,300.18,0.0
17.92,-87.94,5.7,1999,301.37,0.0
16.81,-88.06,5.7,1999,301.73,0.0
16.77,-88.16,6.6,1999,302.0,2.65
17.92,-87.95,13.4,1999,301.48,2.94
16.76,-88.14,4.5,1999,301.92,0.0
16.813,-88.078,13.5,2000,302.48,3.26
16.17,-88.34,4.5,2007,302.38,3.35
16.8,-88.08,,1999,301.18,7.0
18.0048,-87.8997,,1999,301.21,3.58
16.749,-87.786,9.0,2005,301.08,5.11
16.749,-87.786,7.0,2005,301.08,5.11
16.251,-88.176,10.2,2005,301.31,7.44
16.218,-88.191,13.35,2005,301.25,6.95
17.538,-87.744,11.85,2005,301.15,6.44
17.5,-87.758,11.25,2005,301.16,4.4
16.176,-88.225,12.0,2005,301.29,7.03
16.73,-87.77,,1999,301.37,2.51
16.8833,-88.05,,1999,301.26,6.13
17.2,-87.5333,,1999,301.43,3.6
16.45,-88.02,,2003,301.19,1.4
16.793,-87.732,,2003,301.18,0.0
16.77,-88.07,,1998,300.34,4.28
16.313,-88.137,11.4,2005,301.26,6.12
17.563,-87.475,11.0,2005,301.2,3.23
16.802,-87.86,9.0,2005,299.93,5.27
16.802,-87.86,7.0,2005,299.93,5.27
32.3166,-64.7933,,1998,300.48,1.02
32.33,-64.83,5.0,2003,300.25,10.3
32.33,-64.83,2.5,2003,298.31,10.91
32.467,-64.795,8.5,2005,300.34,4.7
6.022,116.034,,2002,303.3,5.21
-16.9929,-39.1432,,1998,300.45,4.39
-18.2,-38.8,,2000,300.41,0.0
-18.2,-38.8,,2001,300.41,0.0
-18.2,-38.8,,2002,300.41,0.0
-18.2,-38.8,,2003,300.41,0.0
-17.7,-39.1,,2001,300.13,1.07
-17.7,-39.1,,2002,300.13,0.0
-17.7,-39.1,,2003,300.13,1.29
-13.9,-39.1,,2002,262.15,0.0
-13.9,-39.1,,2004,262.15,0.0
18.441,-64.548,3.0,2005,262.15,10.49
19.7,-79.8,17.5,2002,301.63,0.0
19.7321,-80.0463,22.5,2002,302.25,0.0
19.694,-80.069,11.2,2005,262.15,5.6
19.701,-80.057,9.4,2005,262.15,5.6
19.685,-80.078,13.0,2005,302.92,4.56
19.681,-80.023,11.0,2005,302.94,6.29
-5.338,71.245,,2010,301.93,1.01
-5.336,71.852,,2010,301.57,6.92
11.323,-74.081,5.0,2005,262.15,4.12
10.175,-75.771,6.5,2005,302.71,7.88
3.9,-81.6,,1998,299.8,21.65
6.4,-77.42,,1998,301.29,20.24
10.238,-75.737,7.5,2005,302.63,9.0
10.16,-75.74,5.0,2005,302.79,5.11
10.137,-75.743,2.5,1987,302.94,0.0
12.466,-81.65,1.5,2005,301.75,7.89
2.97,-78.17,,1997,299.78,17.24
6.02,-77.35,,1998,300.55,0.0
12.5333,-81.7,,1998,301.72,1.58
11.3333,-74.1333,13.5,1999,301.14,4.8
11.333,-74.133,5.0,2005,300.84,2.63
10.15,-75.75,,1998,302.36,0.0
12.541,-81.687,,2004,301.34,2.79
12.59,-81.714,16.0,2005,299.7,0.0
15.2,145.7,,2001,262.15,1.67
14.15,145.2,7.0,2001,262.15,2.54
16.0167,146.0667,6.0,2001,302.3,3.82
15.24,145.71,1.5,2007,,
-18.8625,-159.8028,1.0,1994,301.11,6.56
-21.2333,-159.7667,,2000,262.15,8.6
21.727,-83.348,12.0,2005,300.15,8.32
20.7984,-78.9568,13.3,2001,303.33,0.0
19.9734,-76.1308,,1998,303.0,5.65
22.0,-82.0,14.5,2005,303.25,3.48
19.9613,-75.871,17.5,2003,262.15,0.38
20.6996,-78.0883,,2009,302.14,6.86
21.922,-80.313,,2009,262.15,1.15
22.0,-78.0,,1998,301.08,0.0
21.1167,-75.867,18.0,2003,262.15,0.0
22.55,-78.04,15.0,2003,300.32,0.0
22.5607,-78.4628,7.5,2005,300.22,6.64
21.656,-83.419,3.0,2005,300.23,4.76
21.61,-83.102,5.0,2005,298.8,5.32
21.61,-83.1019,,2005,298.8,5.32
15.262,-61.264,3.5,2006,262.15,4.56
15.266,-61.276,3.5,2006,262.15,5.7
17.7879,-71.6658,10.7,2004,301.74,0.0
19.0,-69.04,3.3,2009,299.03,6.53
19.05,-68.96,13.2,2009,299.09,5.11
-0.2701,-91.0988,30.0,1998,299.51,47.44
9.5167,138.1667,20.0,1998,302.05,3.33
-19.0501,178.2801,,2001,301.31,0.0
-18.159,178.399,,2001,262.15,0.97
-16.8383,178.2842,,2001,301.89,0.0
-18.371,177.981,10.0,2002,301.54,2.59
-18.1338,179.3226,7.0,2002,301.63,1.1
-17.3,178.5,10.0,2002,301.61,1.68
-17.3,178.5,4.0,2001,300.41,0.0
-17.3,178.6,7.5,2002,301.61,1.54
-17.3,178.6,6.0,2002,300.44,3.79
-17.3,178.6,6.0,2004,300.22,0.0
-17.3,178.6,6.0,2006,300.22,2.17
-17.1114,179.101,11.5,2002,301.74,2.45
-18.392,178.201,15.0,2002,301.02,8.59
-18.38,178.199,17.0,2002,301.02,8.59
-18.331,178.142,10.0,2002,300.98,0.0
-18.319,178.033,10.0,2002,300.92,2.96
-16.9356,177.3593,,2005,301.62,5.56
-17.8992,178.7581,,1998,300.22,0.0
-16.666,179.85,1.0,2000,262.15,1.72
-18.6223,178.555,11.75,2000,300.06,7.33
-16.91,177.39,3.0,2007,301.32,6.89
16.357,-61.587,1.5,2006,300.13,0.0
16.43,-61.54,12.0,2007,300.06,1.0
16.36,-61.574,12.0,2006,300.13,6.52
17.874,-62.814,12.0,2006,262.15,0.27
16.398,-61.533,11.0,2006,300.31,1.06
16.398,-61.533,11.0,2006,299.36,3.58
-17.5,-149.9167,2.5,1994,301.95,2.42
-15.1667,-147.6667,,1994,302.26,1.93
-16.5,-151.78,15.0,2008,300.74,1.0
-16.5,-151.78,7.0,2008,300.74,1.0
23.564,69.079,,1998,262.15,
-8.6667,115.4667,,1998,262.15,1.86
-7.6667,114.0,,1998,262.15,4.79
-8.7144,115.6085,,1998,300.69,5.52
-8.6551,115.4559,,1998,300.36,6.0
-8.14,114.44,,2002,301.6,2.26
-0.3333,122.0,,1998,262.15,3.64
18.3421,-78.3558,8.9,2000,302.71,0.0
18.4794,-77.3287,,1998,302.42,8.74
18.463,-77.947,,2005,302.29,6.05
24.4846,124.1241,10.0,2009,300.25,2.36
24.5282,124.2525,3.0,2008,301.1,0.0
26.2509,127.6683,3.0,2009,299.06,1.35
26.5074,127.8846,9.6,2007,301.5,0.0
30.4581,130.4889,8.0,2016,300.78,3.45
32.7688,132.6389,2.0,2008,294.46,3.75
33.4532,135.7498,10.0,2008,262.15,3.75
33.4563,135.7611,12.0,2008,262.15,3.75
33.4811,135.7464,3.0,2008,262.15,5.12
33.4835,135.6932,10.0,2010,300.24,11.37
33.4835,135.6932,10.0,2010,300.24,11.37
34.8219,139.0778,10.0,2008,298.41,10.07
34.8219,139.0777,10.0,2008,298.41,10.07
34.8222,139.0785,10.0,2008,298.41,10.07
34.3356,139.2077,3.0,2008,298.67,7.48
34.6601,138.7878,5.0,2008,262.15,7.08
26.2158,127.6466,1.0,2009,300.13,1.28
26.553,127.9687,3.0,2008,262.15,5.88
24.2354,123.9859,8.0,2010,298.39,9.66
24.3471,124.0825,3.0,2008,301.2,4.78
24.3478,123.7371,2.0,2008,262.15,1.28
24.3582,124.0843,2.0,2009,301.56,0.0
24.3702,123.9757,6.0,2007,301.94,0.0
24.4513,124.1741,3.0,2013,262.15,8.57
24.4516,124.1832,1.5,2008,262.15,0.0
24.455,124.1638,4.0,2009,300.76,1.33
24.4557,124.1857,10.0,2007,300.48,5.75
24.4582,124.2052,0.3,2008,300.59,0.0
24.4583,124.2054,0.3,2013,299.65,6.82
24.4692,124.2188,2.0,2009,300.66,1.84
24.471,124.1055,10.0,2009,301.56,0.0
24.4975,124.2285,2.0,2008,298.2,1.04
26.0883,127.7122,2.0,2008,262.15,0.0
26.2274,127.3628,10.0,2008,301.73,5.82
26.2562,127.6909,0.5,2010,298.09,4.09
26.2576,127.6837,2.0,2013,301.22,2.43
26.2577,127.6819,3.0,2008,300.74,5.29
26.42,127.7112,3.0,2008,301.52,5.4
26.4389,127.7122,0.1,2009,294.25,1.82
26.5996,127.9386,1.0,2008,262.15,20.04
26.7035,127.8794,2.0,2007,299.46,0.0
26.7093,127.8838,0.5,2013,300.08,10.5
28.372,129.4037,2.0,2013,300.38,6.63
24.2865,123.7318,10.0,2008,262.15,5.16
24.2969,123.7253,5.0,2008,262.15,2.18
24.3117,124.0701,3.0,2008,301.25,3.69
24.3126,123.9155,6.0,2008,296.74,4.96
24.3221,124.1734,5.0,2007,296.83,5.49
24.3403,124.0748,4.0,2009,301.32,0.0
24.4295,123.7932,5.0,2016,301.29,10.51
24.4489,124.0774,5.0,2008,262.15,1.82
24.9257,125.2754,5.0,2009,301.91,1.34
24.935,125.2309,0.0,2008,302.04,6.2
26.079,127.6633,7.0,2013,262.15,4.4
26.1294,127.7986,15.0,2008,300.55,2.8
26.1637,127.2363,10.0,2008,299.65,4.99
26.1756,127.2311,5.0,2008,297.4,2.8
26.1927,127.2874,3.0,2008,300.86,4.65
26.216,127.2874,8.0,2008,299.61,0.0
26.2559,127.4062,20.0,2008,301.4,8.3
26.4949,127.8399,1.0,2016,301.11,13.78
26.504,127.8438,5.0,2010,300.49,4.57
26.5042,127.8439,4.0,2008,301.77,7.36
26.5117,128.067,8.0,2008,297.72,1.08
26.6805,128.0192,3.0,2013,299.28,9.53
26.7042,142.135,15.0,2009,300.91,8.8
28.1662,129.2702,2.0,2008,301.09,1.06
28.1754,129.2821,2.0,2008,262.15,1.06
32.6941,129.7922,7.0,2007,262.15,16.81
33.0433,132.4849,5.0,2009,262.15,1.1
33.0676,139.8423,20.0,2008,294.73,2.4
33.4827,135.754,5.0,2008,262.15,5.36
33.7192,135.3247,10.0,2008,292.06,1.13
33.7246,135.3327,5.0,2008,293.9,7.18
33.9764,135.07,7.0,2008,262.15,3.55
34.0561,139.4806,5.0,2008,292.9,6.39
34.099,139.486,10.0,2008,262.15,6.21
34.2398,139.1368,5.0,2008,262.15,8.5
34.2401,139.1368,6.0,2013,262.15,7.25
34.7868,139.4095,10.0,2008,298.62,8.45
26.5,128.0,,2001,262.15,12.17
24.46,124.19,,2007,302.04,3.19
30.2667,130.4167,,2001,262.15,8.41
26.627,127.872,,2003,262.15,3.15
24.7,125.4,,2001,301.46,5.81
33.5,135.8,,2001,262.15,3.65
-2.2456,41.0642,,1998,301.57,21.03
-4.073,39.69,,2005,262.15,0.0
-4.0,39.75,,2001,299.85,6.34
-3.985,39.762,,2003,301.15,1.0
-3.215,40.127,0.65,2003,301.04,4.68
-1.986,41.383,0.65,2003,301.12,1.04
-13.485,48.24,,2002,302.73,0.0
-13.181,48.234,,2002,302.58,2.64
-13.036,48.545,,2002,302.54,4.25
-12.935,48.538,,2002,302.4,0.0
-12.846,48.573,,2002,302.43,0.0
-12.823,48.59,,2002,302.44,2.28
-22.12,43.2,12.0,2008,298.01,0.0
2.814,104.212,2.0,1998,302.74,9.99
2.921,104.11,5.75,1998,302.78,12.52
4.4939,118.6133,,1998,262.15,0.5
4.9736,118.3911,,1998,303.2,9.17
6.0167,116.0333,1.5,1998,303.92,2.53
2.563,104.343,,1998,302.11,5.41
6.059,100.043,4.5,2002,303.23,0.0
6.064,100.036,8.0,2002,303.23,0.0
6.054,100.04,5.5,2002,303.23,0.0
4.3433,113.8983,5.0,2009,303.13,0.0
5.95,102.71,5.0,2008,301.66,0.0
5.29,73.11,12.0,2008,301.64,1.39
5.29,73.11,2.0,2008,302.47,1.39
3.448,73.754,5.5,2003,302.06,2.8
3.203,72.919,5.5,2003,302.14,3.04
7.167,171.035,1.0,1993,301.44,0.0
7.01,171.367,1.0,2002,302.38,0.0
-20.2909,57.7957,,1998,300.77,1.33
-19.661,63.413,,2002,300.53,1.19
-19.681,63.423,1.0,2006,262.15,0.0
-20.2483,57.795,,1998,299.18,4.5
19.8833,-87.4261,2.6,2005,302.01,1.02
19.8833,-87.4261,6.4,2006,302.01,2.19
19.8833,-87.4261,4.6,2004,300.03,0.0
19.9667,-87.4531,10.55,2005,262.15,0.27
19.9667,-87.4531,9.8,2005,262.15,0.27
19.9667,-87.4531,9.45,2005,262.15,0.27
19.9667,-87.4531,8.8,2005,262.15,0.86
19.9667,-87.4531,10.4,2006,262.15,0.0
19.9667,-87.4531,9.3,2005,262.15,0.86
19.9667,-87.4531,9.15,2006,262.15,0.0
19.9667,-87.4531,9.75,2006,262.15,0.0
19.9667,-87.4531,8.65,2005,262.15,2.2
19.9667,-87.4531,9.3,2004,262.15,1.63
18.7066,-87.704,14.9,2006,262.15,0.0
18.7066,-87.704,14.75,2005,262.15,1.08
18.7066,-87.704,14.0,2005,262.15,2.12
18.7066,-87.704,14.6,2005,262.15,4.58
18.7066,-87.704,16.2,2005,262.15,4.58
18.7066,-87.704,15.25,2005,262.15,1.32
19.934,-87.4336,13.5,2005,299.47,0.0
19.934,-87.4336,11.45,2005,299.47,0.0
19.934,-87.4336,10.25,2006,300.07,0.0
19.934,-87.4336,10.65,2006,300.07,0.0
19.934,-87.4336,12.05,2006,300.07,0.0
19.934,-87.4336,13.6,2005,299.92,0.0
19.934,-87.4336,11.15,2005,301.45,1.0
19.934,-87.4336,12.5,2005,301.45,1.0
19.934,-87.4336,11.9,2005,301.57,7.61
19.934,-87.4336,14.6,2004,300.9,1.01
20.1004,-87.4638,6.85,2005,299.52,0.0
20.1004,-87.4638,6.85,2005,299.52,0.0
20.1004,-87.4638,5.8,2005,299.52,0.0
20.1004,-87.4638,7.0,2005,299.52,0.0
20.1004,-87.4638,6.85,2004,300.12,0.0
19.7864,-87.4263,19.55,2005,299.64,0.0
19.7864,-87.4263,18.3,2005,299.64,0.0
19.7864,-87.4263,19.2,2005,299.64,0.0
19.7864,-87.4263,16.8,2005,302.08,0.0
19.9729,-87.4528,19.9,2005,262.15,0.27
19.9729,-87.4528,19.35,2005,262.15,0.27
19.9729,-87.4528,19.2,2005,262.15,0.86
19.9729,-87.4528,18.45,2005,262.15,0.86
19.9729,-87.4528,18.9,2005,262.15,0.86
19.9729,-87.4528,19.65,2005,262.15,0.86
19.9729,-87.4528,18.3,2005,262.15,0.86
19.9729,-87.4528,0.0,2004,262.15,0.77
19.9729,-87.4528,19.65,2004,262.15,0.77
18.724,-87.6968,7.8,2006,299.84,0.0
18.724,-87.6968,8.8,2006,299.84,0.0
18.724,-87.6968,7.75,2005,301.31,1.05
18.724,-87.6968,8.8,2005,301.31,1.05
18.724,-87.6968,8.9,2005,301.31,1.05
18.724,-87.6968,8.5,2005,301.31,1.05
18.724,-87.6968,8.35,2005,302.26,5.58
18.724,-87.6968,9.9,2005,302.26,5.58
18.724,-87.6968,8.45,2005,300.28,8.95
18.724,-87.6968,8.35,2005,299.45,2.65
20.0995,-87.4625,9.1,2005,299.52,0.0
20.0995,-87.4625,9.45,2006,302.04,0.0
20.0995,-87.4625,9.3,2006,302.04,0.0
20.0995,-87.4625,8.2,2005,302.1,4.27
20.0995,-87.4625,9.6,2005,301.5,9.09
20.0995,-87.4625,9.75,2005,299.49,0.0
19.9333,-87.4321,17.25,2005,299.47,0.0
19.9333,-87.4321,17.85,2006,300.07,0.0
19.9333,-87.4321,17.9,2006,300.07,0.0
19.9333,-87.4321,18.3,2005,302.09,3.18
19.9333,-87.4321,18.45,2005,301.57,7.61
19.9333,-87.4321,18.75,2005,301.57,7.61
20.0375,-87.4662,11.0,2005,299.53,0.0
20.0375,-87.4662,7.45,2005,301.38,0.0
18.724,-87.697,7.75,2005,301.31,1.05
18.707,-87.704,14.75,2005,262.15,1.08
18.707,-87.704,14.6,2005,262.15,4.58
18.7069,-87.7058,9.6,2005,262.15,1.08
18.7069,-87.7058,9.1,2005,262.15,1.08
18.7069,-87.7058,9.9,2005,262.15,1.08
18.7069,-87.7058,10.05,2005,262.15,3.56
18.7069,-87.7058,9.0,2005,262.15,3.56
18.7069,-87.7058,9.45,2005,262.15,4.58
18.7069,-87.7058,8.3,2005,262.15,6.63
18.7069,-87.7058,8.8,2005,262.15,6.63
18.681,-87.713,9.6,2005,262.15,4.6
18.6809,-87.7126,9.9,2005,262.15,0.72
18.6809,-87.7126,9.15,2005,262.15,0.72
18.6809,-87.7126,9.6,2005,262.15,4.6
18.6809,-87.7126,9.25,2005,262.15,4.6
18.6809,-87.7126,10.25,2005,262.15,4.6
18.6809,-87.7126,9.5,2005,262.15,5.39
18.6809,-87.7126,11.3,2005,262.15,5.39
20.052,-87.466,6.8,2006,299.66,0.0
20.052,-87.466,6.55,2005,299.31,0.0
20.052,-87.4663,6.8,2006,299.66,0.0
20.052,-87.4663,5.8,2005,301.38,0.0
20.052,-87.4663,6.4,2005,302.15,6.73
20.052,-87.4663,7.45,2004,300.11,2.17
20.052,-87.4663,7.15,2004,300.11,2.17
20.052,-87.4663,6.55,2005,299.31,0.0
20.052,-87.4663,6.1,2005,299.31,0.0
20.051,-87.463,15.25,2005,301.7,11.76
20.0514,-87.4628,14.3,2005,301.86,0.0
20.0514,-87.4628,11.75,2005,301.86,0.0
20.0514,-87.4628,15.25,2005,301.7,11.76
20.0514,-87.4628,14.0,2005,301.7,11.76
20.0514,-87.4628,6.85,2004,300.97,3.37
20.0514,-87.4628,16.65,2004,300.97,3.37
20.0514,-87.4628,12.8,2004,300.11,2.17
20.0514,-87.4628,20.4,2004,300.11,2.17
20.0514,-87.4628,14.35,2005,299.31,0.0
20.0514,-87.4628,12.2,2005,299.31,0.0
19.8832,-87.4175,8.95,2005,300.11,0.0
19.8832,-87.4175,9.1,2005,301.35,0.0
19.8832,-87.4175,0.0,2004,300.86,0.0
19.8832,-87.4175,9.9,2004,300.86,0.0
20.04,-87.4697,3.0,2005,299.53,0.0
20.04,-87.4697,4.3,2005,299.53,0.0
20.04,-87.4697,1.35,2006,301.38,0.0
20.04,-87.4697,3.5,2005,301.38,0.0
20.04,-87.4697,3.85,2006,301.86,0.0
20.04,-87.4697,2.85,2005,301.86,0.0
20.04,-87.4697,3.4,2005,301.86,0.0
20.04,-87.4697,4.6,2004,300.97,3.37
20.04,-87.4697,4.6,2004,300.97,3.37
20.04,-87.4697,4.6,2004,300.97,3.37
20.0505,-87.4704,3.0,2005,299.53,0.0
20.0505,-87.4704,3.2,2006,300.27,0.0
20.0505,-87.4704,2.55,2006,300.27,0.0
20.0505,-87.4704,3.2,2005,301.38,0.0
20.0505,-87.4704,3.05,2005,301.38,0.0
20.0505,-87.4704,2.55,2005,301.38,0.0
20.0505,-87.4704,3.7,2005,301.7,11.76
20.0505,-87.4704,3.85,2004,300.97,3.37
20.0505,-87.4704,3.7,2004,300.97,3.37
20.0505,-87.4704,3.7,2005,299.31,0.0
19.8805,-87.412,20.25,2005,299.65,0.0
19.8805,-87.412,20.3,2005,299.65,0.0
19.8805,-87.412,20.6,2005,299.65,0.0
19.8805,-87.412,20.0,2005,300.11,0.0
19.8805,-87.412,19.65,2005,302.32,2.17
19.8805,-87.412,19.65,2004,300.86,0.0
19.9683,-87.4517,18.35,2005,262.15,0.27
19.9683,-87.4517,17.25,2005,262.15,0.27
19.9683,-87.4517,18.3,2004,262.15,1.63
20.0169,-87.4622,9.45,2005,299.56,1.07
20.0169,-87.4622,9.3,2006,299.68,0.0
20.0169,-87.4622,8.65,2006,300.25,0.0
20.0169,-87.4622,10.1,2005,301.31,0.0
20.0169,-87.4622,8.05,2005,301.31,0.0
19.933,-87.432,17.85,2006,300.07,0.0
18.707,-87.707,4.75,2005,262.15,2.12
19.9321,-87.4342,6.1,2004,300.2,0.0
18.72,-87.701,3.9,2006,262.15,0.0
19.934,-87.434,10.25,2006,300.07,0.0
18.7199,-87.7011,3.9,2006,262.15,0.0
18.7199,-87.7011,5.15,2005,262.15,1.08
18.7199,-87.7011,5.5,2005,262.15,1.08
18.7199,-87.7011,6.2,2006,262.15,0.0
18.7199,-87.7011,5.3,2005,262.15,1.08
18.7199,-87.7011,5.3,2006,262.15,0.0
18.7199,-87.7011,6.6,2006,262.15,0.55
18.7199,-87.7011,4.7,2005,262.15,3.56
18.7199,-87.7011,4.45,2005,262.15,4.58
18.7199,-87.7011,5.05,2005,262.15,4.58
18.6808,-87.7142,5.5,2006,262.15,0.0
18.6808,-87.7142,5.8,2005,262.15,0.72
18.6808,-87.7142,5.35,2005,262.15,4.6
18.6808,-87.7142,6.4,2005,262.15,0.88
18.681,-87.714,5.5,2006,262.15,0.0
18.7241,-87.6983,4.25,2006,262.15,0.0
18.7241,-87.6983,5.65,2006,262.15,0.0
18.7241,-87.6983,4.75,2006,262.15,0.0
18.7241,-87.6983,4.95,2005,262.15,1.08
18.7241,-87.6983,4.45,2005,262.15,1.08
18.7241,-87.6983,5.5,2005,262.15,1.08
18.7241,-87.6983,6.4,2005,262.15,4.58
18.7241,-87.6983,4.75,2005,262.15,4.58
18.7241,-87.6983,4.65,2005,262.15,6.63
18.7241,-87.6983,4.3,2005,262.15,6.63
18.707,-87.7068,5.1,2006,262.15,0.0
18.707,-87.7068,5.25,2006,262.15,0.0
18.707,-87.7068,5.65,2005,262.15,1.08
18.707,-87.7068,4.75,2005,262.15,2.12
18.707,-87.7068,4.8,2005,262.15,4.58
18.707,-87.7068,5.35,2005,262.15,4.58
18.707,-87.7068,5.2,2005,262.15,7.12
18.707,-87.7068,6.4,2005,262.15,6.63
18.6672,-87.7155,10.45,2006,262.15,0.0
18.6672,-87.7155,10.25,2006,262.15,0.0
18.6672,-87.7155,10.7,2005,262.15,0.72
18.6672,-87.7155,10.5,2005,262.15,0.72
18.6672,-87.7155,11.15,2005,262.15,0.72
18.6672,-87.7155,10.1,2005,262.15,4.6
18.6672,-87.7155,10.4,2005,262.15,4.6
18.6347,-87.7188,16.75,2006,262.15,0.0
18.6347,-87.7188,18.2,2006,262.15,0.0
18.6347,-87.7188,17.55,2005,262.15,2.12
18.6347,-87.7188,17.85,2005,262.15,2.12
18.6347,-87.7188,19.6,2005,262.15,3.66
18.6347,-87.7188,17.75,2005,262.15,4.82
20.05,-87.47,3.7,2005,299.31,0.0
18.667,-87.716,10.7,2005,262.15,0.72
18.667,-87.716,10.1,2005,262.15,4.6
20.015,-87.465,4.6,2005,302.21,6.12
20.015,-87.4648,4.9,2005,301.31,0.0
20.015,-87.4648,6.4,2005,301.31,0.0
20.015,-87.4648,4.6,2005,302.21,6.12
20.015,-87.4648,6.1,2005,302.21,6.12
20.015,-87.4648,6.1,2004,300.01,1.06
20.015,-87.4648,6.1,2004,300.01,1.06
20.015,-87.4648,0.0,2004,300.01,1.06
20.015,-87.4648,4.6,2005,300.01,3.67
20.015,-87.4648,4.6,2005,299.26,0.0
18.6672,-87.7142,13.85,2005,262.15,4.6
18.6672,-87.7142,15.15,2005,262.15,6.52
18.6672,-87.7142,15.75,2005,262.15,6.52
18.6672,-87.7173,6.4,2005,262.15,0.72
18.6672,-87.7173,5.25,2005,262.15,4.6
18.6672,-87.7173,5.05,2005,262.15,4.6
18.6806,-87.7113,12.05,2005,262.15,0.72
18.6806,-87.7113,15.35,2005,262.15,0.72
18.6806,-87.7113,14.75,2005,262.15,0.72
18.6806,-87.7113,18.0,2005,262.15,4.6
18.6806,-87.7113,14.35,2005,262.15,6.52
18.6806,-87.7113,15.55,2005,262.15,0.88
18.681,-87.711,12.05,2005,262.15,0.72
18.681,-87.711,18.0,2005,262.15,4.6
18.6596,-87.7156,14.25,2006,262.15,1.35
18.6596,-87.7156,15.75,2005,262.15,2.12
18.6596,-87.7156,21.2,2005,262.15,2.12
18.6872,-87.7122,7.45,2006,262.15,0.0
18.6872,-87.7122,6.4,2005,262.15,1.82
18.6595,-87.7165,11.25,2006,262.15,0.25
18.6595,-87.7165,11.2,2006,262.15,0.25
18.6595,-87.7165,12.05,2006,262.15,0.25
18.6595,-87.7165,11.0,2006,262.15,1.35
18.659,-87.717,11.0,2006,262.15,1.35
19.967,-87.4608,1.65,2006,262.15,0.0
19.967,-87.4608,2.85,2006,262.15,0.29
19.967,-87.4608,2.25,2005,262.15,5.2
19.967,-87.4608,2.7,2005,262.15,7.67
19.967,-87.4608,3.5,2004,262.15,1.63
19.967,-87.461,1.65,2006,262.15,0.0
19.967,-87.461,2.85,2006,262.15,0.29
18.6343,-87.7199,9.45,2005,262.15,0.56
18.6343,-87.7199,9.8,2005,262.15,0.56
18.6343,-87.7199,10.25,2005,262.15,3.66
18.6343,-87.7199,9.1,2005,262.15,3.66
18.6343,-87.7199,10.4,2005,262.15,3.66
18.634,-87.72,9.45,2005,262.15,0.56
18.66,-87.709,15.5,2005,262.15,0.56
18.66,-87.709,10.0,2005,262.15,4.82
18.675,-87.707,14.8,2005,262.15,4.6
19.967,-87.453,9.15,2005,262.15,0.86
19.967,-87.453,8.8,2005,262.15,0.86
18.7196,-87.6977,17.8,2005,301.31,1.05
18.7196,-87.6977,17.85,2005,301.31,1.05
18.7196,-87.6977,17.05,2006,301.31,0.0
18.7196,-87.6977,15.6,2006,301.77,0.0
18.7196,-87.6977,14.6,2005,301.77,3.11
18.7196,-87.6977,15.5,2006,301.77,0.0
18.7196,-87.6977,17.7,2005,301.77,3.11
18.7196,-87.6977,15.35,2006,301.77,0.0
18.7196,-87.6977,18.75,2005,302.26,5.58
18.7196,-87.6977,17.85,2005,302.26,5.58
18.7196,-87.6977,16.95,2005,299.45,2.65
18.72,-87.698,18.75,2005,302.26,5.58
18.72,-87.698,17.85,2005,302.26,5.58
18.687,-87.709,15.65,2006,262.15,0.0
18.687,-87.709,17.5,2005,262.15,1.82
18.687,-87.709,16.0,2005,262.15,1.82
18.6868,-87.7094,15.65,2006,262.15,0.0
18.6868,-87.7094,16.3,2006,262.15,0.0
18.6868,-87.7094,15.95,2006,262.15,0.0
18.6868,-87.7094,19.1,2006,262.15,0.0
18.6868,-87.7094,17.5,2005,262.15,1.82
18.6868,-87.7094,16.0,2005,262.15,1.82
18.72,-87.699,8.95,2006,262.15,0.0
18.72,-87.699,10.55,2005,262.15,1.08
18.72,-87.699,9.7,2006,262.15,0.0
18.72,-87.699,9.85,2005,262.15,1.08
18.7196,-87.6995,8.95,2006,262.15,0.0
18.7196,-87.6995,10.55,2005,262.15,1.08
18.7196,-87.6995,9.7,2006,262.15,0.0
18.7196,-87.6995,9.85,2005,262.15,1.08
18.7196,-87.6995,9.55,2006,262.15,0.0
18.7196,-87.6995,9.15,2005,262.15,1.08
18.7196,-87.6995,9.1,2005,262.15,1.08
18.7196,-87.6995,10.25,2006,262.15,0.55
18.7196,-87.6995,9.1,2005,262.15,3.56
18.7196,-87.6995,10.05,2005,262.15,3.56
18.7196,-87.6995,8.65,2005,262.15,4.58
18.7196,-87.6995,9.8,2005,262.15,4.58
18.7196,-87.6995,10.5,2005,262.15,6.63
18.7196,-87.6995,10.25,2005,262.15,6.63
18.7196,-87.6995,9.6,2005,262.15,6.63
18.6873,-87.7105,10.0,2006,262.15,0.0
18.6873,-87.7105,11.6,2005,262.15,0.72
18.6873,-87.7105,10.25,2006,262.15,0.0
18.6873,-87.7105,11.9,2005,262.15,0.72
18.6873,-87.7105,10.25,2005,262.15,1.82
18.6873,-87.7105,10.4,2005,262.15,1.82
18.687,-87.711,10.0,2006,262.15,0.0
18.687,-87.711,10.25,2005,262.15,1.82
18.687,-87.711,10.4,2005,262.15,1.82
18.721,-87.691,8.35,2005,301.31,1.05
18.721,-87.691,10.15,2005,302.11,4.57
20.469,-86.983,9.88,2006,301.44,0.0
18.655,-87.71,10.65,2005,262.15,0.56
19.7869,-87.4331,10.7,2005,301.48,0.0
19.7869,-87.4331,10.05,2005,301.48,0.0
19.7869,-87.4331,11.75,2005,302.08,0.0
19.7869,-87.4331,10.4,2005,302.08,0.0
19.7869,-87.4331,11.45,2004,300.87,0.0
18.704,-87.704,4.75,2005,262.15,1.82
18.718,-87.701,5.55,2005,262.15,4.58
18.721,-87.692,4.6,2005,302.26,5.58
18.721,-87.692,4.0,2005,300.28,8.95
18.721,-87.692,4.65,2005,300.28,8.95
18.718,-87.693,9.1,2005,302.11,4.57
18.718,-87.692,19.05,2005,302.26,5.58
20.038,-87.466,7.45,2005,301.38,0.0
19.88,-87.412,19.65,2005,302.32,2.17
18.685,-87.706,9.25,2005,262.15,1.82
18.685,-87.706,14.5,2005,262.15,1.82
18.655,-87.709,14.6,2005,262.15,2.12
18.7421,-87.677,10.7,2006,301.77,0.0
18.6596,-87.7193,5.2,2005,262.15,2.12
18.6596,-87.7193,4.9,2006,262.15,1.35
18.6345,-87.7222,4.85,2005,262.15,3.66
18.634,-87.718,19.35,2005,262.15,3.66
18.634,-87.718,17.0,2005,262.15,4.82
18.69,-87.709,15.0,2005,262.15,4.6
20.832,-86.874,6.0,2005,262.15,6.31
20.408,-87.298,12.5,2005,262.15,5.08
18.0,-111.5,,1997,301.05,13.4
20.406,-87.302,5.8,2005,262.15,5.08
18.843,-111.0776,,1997,300.09,16.77
18.8126,-87.3594,,1998,301.37,1.06
19.0,-87.5717,,1998,301.29,2.21
20.337,-87.027,10.0,2005,262.15,3.45
20.505,-86.758,8.67,2005,262.15,0.23
17.46,-62.98,17.0,2008,262.15,0.0
12.05,-68.2667,,1992,262.15,2.47
12.1833,-68.3,19.0,1998,301.09,8.18
17.4643,-62.9878,14.4,1999,262.15,1.2
17.4868,-63.2317,15.0,1999,299.34,1.02
17.4633,-62.9847,13.7,1999,262.15,1.2
17.6433,-63.2532,5.6,1999,299.28,0.0
17.6267,-63.2597,12.1,1999,299.28,0.0
17.4635,-62.9782,11.5,1999,262.15,1.2
17.4648,-62.986,14.2,1999,262.15,1.2
17.6293,-63.2588,14.5,1999,299.28,0.0
17.4648,-62.9667,14.9,1999,262.15,1.2
17.6308,-63.215,9.5,1999,299.28,0.0
17.6248,-63.2595,11.2,1999,299.28,0.0
17.6282,-63.2595,13.1,1999,299.28,0.0
17.4625,-62.9777,16.2,1999,262.15,1.2
17.464,-62.9825,14.0,1999,262.15,1.2
17.615,-63.225,10.7,1999,299.3,0.0
17.4643,-62.985,15.2,1999,262.15,1.2
23.853,58.095,,2002,303.07,11.43
8.0,-82.3333,,1998,301.83,10.65
9.4233,-82.3242,1.2,2002,301.06,0.0
9.4887,-78.7281,8.4,2002,301.67,0.0
9.2728,-82.0659,1.3,2002,301.52,0.0
-3.1667,152.582,,2006,262.15,11.01
-10.1768,151.1928,,1998,302.11,0.0
-9.1352,149.3407,,1998,302.95,0.0
-10.305,151.052,10.0,1996,301.97,3.11
-5.235,151.023,,1999,303.14,1.25
-9.7357,147.3975,,1998,299.48,12.03
-5.1503,150.5733,,1998,302.51,0.0
14.85,120.8167,,1999,262.15,
10.55,124.66,6.0,2008,302.8,2.57
-21.1544,55.272,,1998,301.15,1.9
-21.1179,55.8251,,1998,300.89,2.23
-21.1,55.2526,,2002,262.15,0.0
27.5,49.7,,1998,305.33,25.32
-9.7951,159.7996,15.0,2000,302.49,0.0
-9.795,159.8,15.0,2000,302.49,0.0
-27.526,32.688,,2000,299.27,6.13
8.409,79.752,1.5,2005,303.11,5.04
5.97,80.44,,2002,262.15,1.34
7.7221,81.7278,42.0,1998,302.72,8.32
8.574,81.242,1.5,2004,301.69,0.0
12.634,-61.35,2.25,2003,301.33,4.43
-6.426,39.346,,2003,301.14,1.13
-6.2742,39.2848,,2003,262.15,4.0
-6.271,39.175,,2003,301.21,1.33
-6.246,39.166,,2003,301.16,1.38
-5.187,39.103,,2003,301.28,3.17
-6.2786,39.1782,8.0,2010,299.48,4.65
8.0,98.33,1.0,1998,262.15,3.93
8.095,98.302,,2002,262.15,0.0
8.658,97.646,,2002,303.09,0.0
9.387,97.889,,2002,303.16,1.02
-21.1667,-175.1667,,2000,262.15,11.42
-19.7833,-174.45,,2000,300.28,5.7
10.8365,-60.9145,1.0,2009,300.95,3.9
10.8367,-60.9229,1.0,2009,300.95,3.9
10.837,-60.9455,1.0,2009,300.95,3.9
11.332,-60.645,7.0,2005,300.11,6.24
11.29,-60.523,7.0,2005,300.27,11.84
25.133,54.91,,1998,305.67,12.09
24.911,54.857,,1996,306.56,19.46
25.339,55.333,,1996,305.97,14.56
27.908,-93.596,19.8,2006,293.69,0.0
27.922,-93.611,,2006,293.57,0.0
28.0,-93.58,22.0,2006,293.35,1.02
0.1833,-176.4667,,2010,300.75,22.7
17.785,-64.759,6.0,2006,262.15,0.0
26.083,-80.096,10.0,2006,297.55,0.0
0.8,-176.6,,2010,300.68,20.34
26.203,-80.078,17.3,2006,262.15,0.0
26.032,-80.087,14.2,2006,298.57,0.0
18.186,-65.077,30.0,2006,299.84,0.0
18.186,-65.077,30.0,2005,301.24,14.14
26.122,-80.087,14.3,2006,262.15,0.0
18.341,-65.082,8.0,2005,301.24,12.9
17.798,-64.607,6.04,2006,300.13,0.0
17.776,-64.67,6.1,2006,300.23,0.0
17.794,-64.597,7.86,2006,300.13,0.0
17.8,-64.629,3.41,2006,300.17,0.0
17.794,-64.626,4.08,2006,300.17,0.0
26.259,-80.059,20.1,2006,299.92,0.0
17.803,-64.595,28.35,2006,300.13,0.0
17.806,-64.612,13.29,2006,300.13,0.0
17.806,-64.607,16.7,2006,300.13,0.0
17.778,-64.669,6.58,2006,300.23,0.0
17.792,-64.585,10.49,2006,300.13,0.0
18.295,-64.832,17.0,2006,301.28,5.35
18.244,-64.758,33.0,2005,301.16,13.67
18.244,-64.758,33.0,2005,301.16,13.67
18.191,-64.95,36.0,2006,300.46,0.0
18.3,-65.6,8.0,1999,300.53,0.0
24.633,-82.918,11.0,2002,301.47,6.61
25.1247,-80.308,,1998,301.59,4.82
18.3267,-65.3322,7.5,2001,301.22,0.0
25.3698,-80.1393,6.0,2003,303.0,5.55
24.616,-81.4,7.5,1987,303.29,2.64
24.54,-81.833,6.0,1987,303.36,0.69
24.6833,-80.9503,,1998,303.23,6.34
17.7,-64.9,,2001,301.26,0.0
25.119,-80.3,3.2,2005,300.95,1.03
25.041,-80.364,,2005,302.51,1.97
25.034,-80.35,6.1,2005,298.21,0.0
24.483,-81.956,5.1,2005,302.62,4.15
24.446,-81.863,9.3,2005,302.61,1.0
24.524,-81.574,5.4,2005,302.6,2.11
25.702,-80.102,8.4,2006,302.32,1.13
24.521,-81.662,4.8,2005,302.55,2.17
24.539,-81.626,6.0,2005,302.52,2.87
25.643,-80.097,8.9,2006,302.35,0.0
24.504,-81.582,24.45,2005,302.6,2.11
24.537,-81.437,17.9,2006,302.64,1.68
24.525,-81.625,6.6,2005,299.9,26.01
24.497,-81.651,8.7,2005,299.9,26.01
25.592,-80.106,4.5,2006,302.39,0.0
26.148,-80.096,6.4,2005,262.15,0.71
24.537,-81.615,4.95,2005,302.53,2.79
24.527,-81.674,7.5,2006,302.55,5.08
24.496,-81.645,5.55,2005,299.9,26.01
24.469,-81.822,8.55,2005,299.87,28.48
24.489,-81.675,3.3,2005,302.58,1.02
24.4882,-81.6632,,1998,302.8,4.84
24.55,-81.41,,1998,302.88,4.0
24.6831,-80.9911,6.5,1998,302.74,7.42
25.0111,-80.5153,4.0,2000,302.71,4.25
24.6324,-81.1111,,2001,302.59,0.0
26.0519,-80.1442,6.5,2001,262.15,0.84
24.49,-81.66,,2003,302.58,3.9
18.349,-65.577,13.5,2005,301.91,11.59
5.869,-162.071,,2002,301.79,7.4
5.869,-162.071,1.0,2002,301.53,5.01
18.29,-65.25,8.0,2003,262.15,0.17
18.322,-64.752,11.5,2003,301.84,0.0
17.684,-64.739,9.0,1987,301.88,0.0
24.467,-81.806,17.6,2006,299.79,38.51
25.061,-80.387,3.0,2006,300.86,2.17
26.31,-80.067,12.0,2005,300.76,5.06
25.967,-80.09,18.9,2006,300.89,4.14
24.448,-81.95,7.4,2006,300.94,0.0
25.927,-80.087,16.9,2006,300.85,1.15
25.288,-80.223,3.5,2006,300.62,0.0
24.517,-82.001,6.0,2006,300.72,0.0
27.121,-80.127,6.0,2006,300.26,2.26
24.969,-80.539,3.1,2006,300.57,1.13
25.111,-80.284,12.8,2006,300.95,0.0
25.329,-80.173,10.0,2006,300.73,0.0
24.768,-80.75,7.2,2005,300.95,1.46
26.006,-80.106,8.5,2006,300.9,4.01
27.104,-80.121,7.2,2006,262.15,2.56
25.5,-80.103,13.0,2006,301.0,2.43
24.456,-81.913,9.6,2006,300.87,0.0
25.104,-80.31,6.7,2006,300.95,0.0
25.488,-80.109,6.0,2006,300.95,2.49
24.895,-80.556,9.0,2006,300.99,0.0
25.112,-80.342,1.7,2006,300.78,0.0
25.242,-80.224,2.1,2006,300.91,0.0
26.205,-80.073,18.9,2006,300.92,6.07
25.225,-80.214,4.1,2006,300.91,0.0
25.007,-80.373,,2005,300.95,0.0
17.9541,-67.06,18.0,1998,302.2,2.88
24.63,-82.87,,1998,301.59,1.53
17.9353,-67.0172,,1999,302.19,3.23
17.9878,-67.3075,,1999,302.22,1.1
18.0119,-67.1603,,1999,262.15,1.19
18.35,-65.5,,1999,301.94,1.05
18.35,-65.0,,1993,301.61,1.26
24.6304,-82.9498,12.2,2004,298.9,1.1
24.6287,-82.8971,8.1,2004,298.81,0.0
17.758,-64.568,6.1,2005,301.2,13.51
17.786,-64.595,7.6,2005,301.22,10.41
17.804,-64.631,6.7,2005,301.19,11.61
17.784,-64.581,12.5,2005,301.22,10.41
24.6355,-82.9231,1.2,2004,298.82,0.0
24.6353,-82.9223,1.7,2004,298.82,0.0
24.62,-82.86,3.2,2010,298.32,2.54
18.32,-64.733,,2003,300.13,2.38
18.06,-67.92,16.0,2005,299.47,1.0
26.243,-80.073,15.0,2005,297.32,0.0
10.882,-68.218,12.5,2006,298.69,3.76
10.882,-68.218,12.5,2006,299.77,3.83
10.882,-68.218,8.0,2005,298.96,10.38
10.887,-68.221,8.5,2005,301.13,9.1
10.2327,-66.05,3.5,1987,262.15,
10.781,-68.311,5.5,1987,301.26,2.33
10.85,-68.21,5.25,1987,299.96,5.1
10.883,-68.212,12.5,2005,298.96,10.38
10.81,-68.14,0.75,1987,299.72,2.3
11.904,109.139,9.0,2010,300.78,8.79
12.256,109.205,9.0,2010,301.13,13.24
12.589,109.239,9.0,2010,301.62,3.19
12.62,109.23,9.0,2010,301.67,8.51
-18.5464,146.488,2.6,2002,,
-18.5463,146.4875,5.1,2002,301.63,1.16
-18.2742,147.3817,7.0,1998,300.59,2.24
-18.447,146.9891,18.5,1998,301.43,1.16
-18.4448,146.9933,2.1,1998,301.43,1.16
-18.4443,146.9933,6.6,1998,301.43,1.16
-20.2558,148.8122,7.2,1998,300.12,2.59
-18.8316,147.6345,4.0,1998,301.7,0.0
-18.806,147.6686,8.4,1998,301.67,0.0
-18.6521,147.7217,7.7,1998,300.51,7.34
-18.2589,147.3812,2.5,1998,300.59,2.24
-18.2567,147.381,20.1,1998,300.59,2.24
-16.4267,145.995,8.1,1998,300.69,0.0
-16.425,145.9933,0.8,1998,300.69,0.0
-11.4413,143.0336,2.5,1998,301.27,5.76
-11.4409,143.0336,7.7,1998,301.27,5.76
5.871,-162.1103,5.0,2009,301.17,8.35
5.8813,-162.042,2.5,2009,301.6,0.0
5.8813,-162.042,2.5,2009,301.24,7.22
5.8862,-162.1263,5.2,2009,301.61,0.0
5.8862,-162.1263,5.2,2009,301.25,8.7
5.8695,-162.0752,20.0,2009,301.28,10.78
-23.4384,151.9182,1.0,1998,299.04,13.66
-23.4384,151.9182,1.0,2006,299.3,17.68
-19.1715,146.8475,2.4,1998,300.6,19.04
24.627,-81.11,1.0,2004,302.56,2.18
5.8715,-162.107,3.3,2009,301.17,8.35
5.8709,-162.0752,5.0,2009,301.28,10.78
5.8693,-162.1108,4.0,2009,301.17,8.35
22.2,38.9,0.8,2010,303.12,7.32
-18.5463,146.4875,5.1,1998,301.86,6.34
-18.4448,146.9933,2.1,2002,301.22,4.32
-18.4443,146.9933,6.6,2002,301.22,4.32
25.012,-80.376,2.7,2005,302.49,1.26
24.456,-81.877,1.0,2005,302.56,2.34
-23.0864,150.9052,5.1,2011,293.43,1.68
-18.5718,146.483,6.5,1998,300.74,8.15
-18.5464,146.488,2.6,1998,300.72,7.79
-18.5463,146.4875,5.1,1998,300.72,7.79
-19.2011,146.8209,7.0,1998,300.6,19.04
24.638,-82.862,2.0,1997,302.79,1.22
24.638,-82.862,2.0,1998,302.79,5.55
25.012,-80.376,2.7,1997,302.7,1.35
25.012,-80.376,2.7,1998,302.7,4.6
-19.1722,146.8484,5.1,1998,300.6,19.04
-18.6116,146.4839,7.7,1998,300.76,8.04
-18.5718,146.4833,3.5,1998,300.72,7.79
-16.3834,145.5625,4.9,1998,300.68,3.05
-23.2015,150.9701,5.6,1998,298.81,10.3
-23.2015,150.9701,5.6,2002,299.84,12.7
-23.2015,150.9701,5.6,2011,293.23,1.48
-3.9883,39.7503,1.0,1998,301.14,17.25
-3.9883,39.7503,1.0,1998,300.22,15.65
24.627,-81.11,1.0,2005,302.56,1.1
22.2,38.9,0.9,2010,303.12,7.32
-23.2005,150.9706,2.4,2011,293.23,1.48
